Английски,Български,Гръцки,Румънски
English,Bulgarian,Greek,Romanian
mens trainers,Мъжки маратонки,Ανδρικά Αθλητικά Παπούτσια,Adidasi barbati
trainers mens,Мъжки маратонки,Ανδρικά Αθλητικά Παπούτσια,Adidasi pentru barbati
running shoe,Спортни маратонки,Αθλητικά Παπούτσια,Adidasi sport
mens skate shoes,Мъжки кецове,Ανδρικά Sneakers ,Adidasi sport pentru barbati
mens running shoes,Мъжки спортни маратонки,Ανδρικά Αθλητικά Παπούτσια,Pantofi sport
mens walking shoes,Мъжки туристически обувки,Ανδρικά Ορειβατικά Παπούτσια,Pantofi barbati
running shoes mens,Мъжки спортни маратонки,Ανδρικά Αθλητικά Παπούτσια,Pantofi sport barbati
men's shoes,Мъжки обувки,Ανδρικά  Παπούτσια,Pantofi barbati
mens shoes,Мъжки обувки,Ανδρικά  Παπούτσια,Pantofi barbati
canvas shoes,Мъжки кецове,Ανδρικά Sneakers ,Incaltaminte converse
men's training shoe,Мъжкки спортни маратонки,Ανδρικά Αθλητικά Παπούτσια,Traineri barbati
trainers,Маратонки, Αθλητικά Παπούτσια,Incaltaminte de timp liber
leather trainers mens,Мъжки кожени маратонки,Ανδρικά Δερμάτινα Αθλητικά Παπούτσια,Incaltaminte trainer din piele
trail running shoes,Мъжки туристически обувки,Ανδρικά Ορειβατικά Παπούτσια,Pantofi trekking
leather mens trainers,Мъжки кожени маратонки,Ανδρικά Δερμάτινα Αθλητικά Παπούτσια,Incaltaminte trainer din piele
skate shoes mens,Мъжки кецове,Ανδρικά Sneakers ,Incaltaminte skate
men's running shoe,Мъжкки спортни маратонки,Ανδρικά Αθλητικά Παπούτσια,Pantofi barbati trainer
canvas low mens trainers,Мъжки кецове ниски,Ανδρικά Sneakers ,Pantofi de alergare josi
low top trainers,Мъжки кецове,Ανδρικά Sneakers ,Pantofi de alergare
mens tennis shoes,Мъжки маратонки за тенис,Ανδρικά Αθλητικά Παπούτσια τένις,Incaltaminte de tenis pentru barbati
shoes men,Мъжки обувки,Ανδρικά  Παπούτσια,Incaltaminte pentru barbati
waterproof walking boots mens,Водоустойчиви мъжки туристически обувки,Αδιάβροχα Ανδρικά Παπούτσια,Ghete impermeabile barbati
mens casual shoes,Мъжки обувки,Ανδρικά  Παπούτσια,Pantofi barbati
mens hi top trainers,Високи мъжки маратонки,Ανδρικά Αθλητικά Παπούτσια,Pantofi inalti de alergat
men's shoe,Мъжки обувки,Ανδρικά  Παπούτσια,Incaltaminte barbati
squash shoes mens,Мъжки обувки за скуош,Ανδρικά Παπούτσια Squash,Pantofi de squash
basketball trainers mens,Мъжки маратонки за баскетбол,Ανδρικά Παπούτσια για Μπάσκετ,Ghete de baschet pentru barbati
suede trainers mens,Мъжки велурени маратонки,Ανδρικά Καστόρινα Αθλητικά Παπούτσια,Pantofi sport-casual din piele de velur
Indoor court shoes,Спортни обувки за закрити терени,Παπούτσια για Αίθουσα,Pantofi de teren sintetic
men's basketball shoes,Мъжки маратонки за баскетбол,Ανδρικά Παπούτσια Μπάσκετ ,Ghete de baschet pentru barbati
pumps mens,Мъжки обувки,Ανδρικά  Παπούτσια,Pantofi barbati
canvas high mens trainers,Мъжки високи кецове,Ανδρικά Sneakers ,Adidasi inalti pentru barbati
tennis shoe mens,Мъжки обувки за тенис,Ανδρικά παπούτσια τένις,Pantofi de tenis pentru barbati
mens leather walking shoes,Мъжки кожени обувки за ходене,Ανδρικά Δερμάτινα Παπούτσια για Περπάτημα ,"incaltaminte de mers, din piele pentru barbati"
mens basketball trainers,Мъжки маратонки за баскетбол,Ανδρικά Παπούτσια για Μπάσκετ,Pantofi de baschet pentru barbati
men's skate shoe,Мъжки кецове,Ανδρικά Sneakers ,Incaltaminte skate pentru barbati
men's running shoes,Мъжки маратонки за бягане,Ανδρικά Αθλητικά Παπούτσια για Τρέξιμο,Incaltaminte de alergare pentru barbati
canvas pumps mens,Мъжки кецове,Ανδρικά Sneakers ,Incaltaminte de timp liber pentru barbati
mens canvas shoes,Мъжки кецове,Ανδρικά Sneakers ,Incaltaminte de timp liber converse pentru barbati
canvas trainers mens,Мъжки кецове,Ανδρικά Sneakers ,Pantofi de timp liber converse pentru barbati
canvas low top trainers,Ниски кецове, Sneakers ,Adidasi converse pentru barbati
Hi mens trainers,Високи мъжки маратонки,Ψηλά Ανδρικά Αθλητικά  Παπούτσια,Adidasi inalti pentru barbati
Canvas low trainers,Ниски кецове,Ανδρικά Sneakers ,Adidasi converse pentru barbati
canvas pumps mens,Мъжки обувки,Ανδρικά Παπούτσια,Tenisi converse
slip on canvas shoes,Мъжки обувки без връзки,Ανδρικά Παπούτσια- Χωρίς Κορδόνια ,Tenisi converse fara sireturi
Hi tops mens,Мъжки кецове високи,Ψηλά Ανδρικά Sneakers ,Tenisi inalti pentru barbati
Mens canvas skate shoes,Мъжки кецове,Ανδρικά Sneakers ,Tenisi converse skate pentru barbati
canvas men's skate shoe,Мъжки кецове,Ανδρικά Sneakers ,Tenisi skate converse pentru barbati
mens shoe,Мъжки обувки,Ανδρικά Παπούτσια,Incaltaminte barbati
mens boots,Мъжки ботуши,Ανδρικές Μπότες,Cizme pentru barbati
brouges mens,Мъжки обувки,Ανδρικά Παπούτσια,Pantofi brogues pentru barbati
slip on mens shoes,Мъжки обувки без връзки,Ανδρικά Παπούτσια- Χωρίς Κορδόνια ,Pantofi fara siret pentru barbati
Leather mens shoes,Мъжки кожени обувки,Ανδρικά Δερμάτινα Παπούτσια,Pantofi de piele pentru barbati
slip on shoes mens,Мъжки обувки без връзки,Ανδρικά Παπούτσια- Χωρίς Κορδόνια ,Pantofi fara siret pentru barbati
Brouge shoes mens,Мъжки овувки,Ανδρικά Παπούτσια,Pantofi brogues pentru barbati
slip mens shoes,Мъжки обувки без връзки,Ανδρικά Παπούτσια,Pantofi fara siret pentru barbati
Mens boat shoes,Мъжки обувки за ветроходство,Ανδρικά Παπούτσια Ιστιοπλοΐας ,Pantofi de barca barbati
shoes,Обувки, Παπούτσια,Pantofi
slip on loafers mens,Мъжки мокасини,Ανδρικά Μοκασίνια ,Pantofi-mocasini barbati
boat shoes men,Мъжки обувки за ветроходство,Ανδρικά Παπούτσια Ιστιοπλοΐας ,Pantofi barca barbati
mens loafers,Мъжки мокасини,Ανδρικά Μοκασίνια ,Mocasini pentru barbati
mens slip on shoes,Мъжки обувки без връзки,Ανδρικά Παπούτσια- Χωρίς Κορδόνια ,Pantofi fara sireturi de barbati
mens fishing boots,Мъжки риболовни обувки,Ανδρικά Παπούτσια για Ψάρεμα ,Ghete pescuit barbati
mens flip flops,Мъжки джапанки,Ανδρικές Σαγιονάρες ,Slapi flip flops barbati
flip flops,Джапанки, Σαγιονάρες,Papuci flip flops
sliders mens,Мъжки чехли,Ανδρικές Σαγιονάρες ,Slapi barbati
mens sliders,Мъжки чехли,Ανδρικές Σαγιονάρες ,Slapi de barbat
flip flops mens,Мъжки джапанки,Ανδρικές Σαγιονάρες ,Papuci flip flops pentru barbati
sliders,Чехли, Σαγιονάρες ,Slapi
slides,Чехли, Σαγιονάρες ,Slapi
mens sandals,Мъжки сандали,Ανδρικά Σανδάλια ,Sandale de barbat
mens walking sandals,Мъжки сандали за ходене,Ανδρικά Σανδάλια Περπάτημα ,Sandale sport barbati
men's walking sandals,Мъжки сандали за ходене,Ανδρικά Σανδάλια Περπάτημα ,Sandale sport pentru barbati
leather mens walking sandals,Мъжки кожени сандали за ходене,Ανδρικά Δερμάτινα Σανδάλια Περπάτημα,Sandale sport din piele pentru barbati
sandals mens,Мъжки сандали,Ανδρικά Σανδάλια ,Sandale barbati
Leather mens sandals,Мъжки кожени сандали,Ανδρικά Δερμάτινα Σανδάλια ,Sandale din piele pentru barbati
boots mens,Мъжки ботуши,Ανδρικές Μπότες,Ghete barbati
mens steel toe cap safety boots,Мъжки работни обувки с предна защита от метал,Ανδρικά παπούτσια εργασίας με μπροστινή προστασία από μέταλλο,Ghete lucru cu bombeu din otel barbati
boots,Ботуши,Μπότες ,Cizme
Mens walking boots,Мъжки ботуши,Ανδρικές Μπότες,Cizme pentru barbati
Mens snow boots,Мъжки ботуши за сняг, Ανδρικές μπότες για χιόνια ,Ghete zapada barbati
Snow boots mens,Мъжки ботуши за сняг, Ανδρικές μπότες για χιόνια ,Ghete zapada barbati
Half wellingtons,Гумени ботуши,Γαλότσες ,Cizme cauciuc
mens wellingtons,Мъжки гумени ботуши,Ανδρικές Γαλότσες,Cizme cauciuc de barbat
Tall boot unisex,Високи ботуши унисекс,Ψηλές Μπότες ,Cizme inalte unisex
Fur lined wellies,Гумени ботуши с подплата, Γαλότσες Με Επένδυση Γούνα,Cizme de cauciuc imblanite
full knee wellingtons,Гумени ботуши до коляното,Γαλότσες Μέχρι το Γόνατο,Cizme de cauciuc pana la genunchi
Tall boots men,Високи ботуши,Ψηλές Μπότες ,Cizme de cauciuc inalte
Wellingtons,Гумени ботуши,Γαλότσες ,Cizme de cauciuc
mens boxing boots,Мъжки обувки за бокс,Ανδρικά Παπούτσια Πυγμαχίας ,Ghete box barbati
boxing boots mens,Мъжки обувки за бокс,Ανδρικά Παπούτσια Πυγμαχίας ,Ghete box barbati
Mens indoor football trainers,Мъжки обувки за футбол на закрито,Ανδρικά Ποδοσφαιρικά Παπούτσια Εσωτερικού Χώρου,Ghete fotbal teren sintetic
mens cricket shoes,Мъжки обувки за крикет,Ανδρικά Παπούτσια Κρίκετ,Pantofi cricket barbati
men's cricket shoes,Мъжки обувки за крикет,Ανδρικά Παπούτσια Κρίκετ,Pantofi cricket barbati
Low mens cyling shoes,Мъжки обувки за колоездене ниски,Ανδρικά Παπούτσια Ποδηλάτων χαμηλά,Pantofi ciclism barbati
Cycling shoes mens,Мъжки обувки за колоездене,Ανδρικά Παπούτσια Ποδηλάτων ,Pantofi ciclism barbati
mens cycling shoes,Мъжки обувки за колоездене,Ανδρικά Παπούτσια Ποδηλάτων ,Pantofi ciclism barbati
mens golf shoes,Мъжки обувки за голф,Ανδρικά Παπούτσια του Γκολφ,Pantofi golf barbati
golf shoes men,Мъжки обувки за голф,Ανδρικά Παπούτσια του Γκολφ,Pantofi de golf barbati
golf trainers mens,Мъжки обувки за голф,Ανδρικά Παπούτσια του Γκολφ,Tenisi golf barbati
mens golf trainers,Мъжки обувки за голф,Ανδρικά Παπούτσια του Γκολφ,Pantofi golf barbati
mens rugby boots,Мъжки обувки за ръгби,Ανδρικά Παπούτσια Ράγκμπι,Pantofi rugby barbati
rugby boots mens,Мъжки обувки за ръгби,Ανδρικά Παπούτσια Ράγκμπι,Ghete rugby barbati
rugby boots,Обувки за ръгби,Παπούτσια Ράγκμπι,Ghete rugby
Mens ski boots,Мъжки ски обувки,Ανδρικά Παπούτσια - Σκι ,Cizme de schi barbati
ski boots mens,Мъжки ски обувки,Ανδρικά Παπούτσια - Σκι ,Ghete de schi barbati
ski boots,Ски обувки, Παπούτσια - Σκι ,Cizme schi
football boots,Обувки за футбол,Ποδοσφαιρικά Παπούτσια,Ghete fotbal
tracksuit bottoms mens,Мъжко долнище на анцуг,Ανδρικό παντελόνι φόρμα,Pantaloni de tranining pentru barbati
sweatpants mens,Мъжко долнище на анцуг,Ανδρικό παντελόνι φόρμα,Pantaloni de tranining pentru barbati
men's soccer pants,Мъжко долнище за футбол,Ανδρικό παντελόνι φόρμα για Ποδόσφαιρο ,Pantaloni de fotbal pentru barbati
Track pants,Долнище на анцуг,Παντελόνι φόρμα,Pantaloni de tranining 
Woven pants mens,Мъжки вълнени спортни панталони,Ανδρικό παντελόνι φόρμα,Pantaloni sport de lana pentru barbati
track pants mens,Мъжко долнище на анцуг,Ανδρικό παντελόνι φόρμα,Pantaloni de tranining 
slim track pants mens,Мъжко спортно долнище - вталено,"Ανδρικό παντελόνι φόρμα ,στενη γραμμη",Pantaloni sport slim fit pentru barbati
training pants mens,Мъжко спортно долнище,Ανδρικό παντελόνι φόρμα,Pantaloni de tranining barbati
tapered pants mens,Мъжко спортно долнище - вталено,"Ανδρικό παντελόνι φόρμα ,στενη γραμμη",Pantaloni sport slim fit pentru barbati
joggers mens,Мъжко долнище на анцуг,Ανδρικό παντελόνι φόρμα,Pantaloni de tranining 
water repellent tracksuit bottoms mens,Мъжко водоустойчиво спортно долнище,Αδιάβροχο παντελόνι - φόρμα,Pantaloni de tranining barbati
Joggers,Долнище на анцуг,Παντελόνι φόρμα,Pantaloni de tranining 
Jog suit mens,Мъжки анцуг,Ανδρική Φόρμα,Pantaloni de tranining barbati
tracksuit mens,Мъжки спортен анцуг,Ανδρική Φόρμα,Pantaloni de fotbal pentru barbati
men's soccer tracksuit,Мъжки футболен анцуг,Ανδρική Φόρμα για Ποδόσφαιρο,Pantaloni de fotbal pentru barbati
2 piece tracksuit mens,Мъжки анцуг 2 части,Ανδρική Φόρμα σετ,Trening barbati 2 piese
wooven suit mens,Мъжки подплатен анцуг,Ανδρική  φόρμα με επένδυση,Trening vatuit barbati
Tracksuit top mens,Мъжко горнище на анцуг,Μπλούζα αθλητικής φόρμας,Hanorac barbati
Polyester tracksuit top,Горнище на анцуг от полиестер,Φούτερ,Hanorac din poliester barbati
Tracksuit,Анцуг,Σετ Φόρμας,Trening
Tracksuit set mens,Мъжки анцуг комплект,Ανδρικό σετ φόρμας,Set trening
swim shorts mens,Мъжки плувни шорти,Ανδρικό μαγιό σορτς,Sort de baie
swimming jammers mens,Мъжки прилепнали бански,Ανδρικό Μαγιό Κολυμβητηρίου,Costum de baie jammer barbati
,Мъжки бански, ΑΝΔΡΙΚΟ ΜΑΓΙΟ,Costum de baie
briefs mens,Мъжки слипове,Ανδρικά Εσώρουχα Σλιπ,Slipi barbati
mens swimming trunks,Мъжки бански,Ανδρικό μαγιό,Costum de baie barbati
Swim shorts,Плувни шорти,Μαγιό σορτς,Sort de baie
swim shorts mens,Мъжки плувни шорти,Ανδρικό μαγιό σορτς,Sort de baie barbati
Waterproof jacket mens,Водоустойчиво мъжко яке,Ανδρικό μπουφάν αδιάβροχο,Jacheta impermeabila
Jacket mens,Мъжко яке,Ανδρικό μπουφάν ,Geaca barbati
Waterproof suit mens,Мъжки водоустойчив комплект,Ανδρικό αδιάβροχο σετ,Costum impermeabil pentru barbati
mens waterproof jacket,Водоустойчиво мъжко яке,Ανδρικό μπουφάν αδιάβροχο,Jacheta impermeabil barbati
golf jacket mens,Мъжко яке за голф,Ανδρικό μπουφάν για γκολφ,Geacă de golf barbati
Walking jacket mens,Мъжко туристическо яке,Ανδρικό μπουφάν για ορειβασία.,Geaca turistica barbati
waterproof trousers mens,Мъжко водоустойчиво долнище,Ανδρικό αδιάβροχο παντελόνι,Pantaloni impermeabil barbati
waterproof golf trousers mens,Мъжки водоусточиви панталони за голф,Ανδρικά αδιάβροχα παντελόνια για γκολφ,Pantaloni impermeabil de golf pentru barbati
2 layer jacket mens,Мъжко яке двуслойно,Ανδρικό μπουφάν,Geaca dublu-strat pentru barbati
3 layer jacket mens,Мъжко яке трислойно,Ανδρικό μπουφάν,Geaca triplustrat pentru barbati
poncho,Пончо,Κάπα,Poncho
light jacket mens,Мъжко леко яке,Ανδρικό μπουφάν,Geaca subtire barbati
jacket,яке,Μπουφάν ,Geaca
walking trousers mens,Мъжки туристически панталони,Ανδρικό Ορειβατικό Παντελόνι ,Pantaloni turism barbati
Padded jacket mens,Мъжко яке с подплата,Ανδρικό μπουφάν  με έξτρα επένδυση,Geaca vatuita barbati
hooded gilet mens,Мъжки елек с качулка,Ανδρικό αμάνικο μπουφάν με κουκούλα,Vesta barbati cu gluga
bubble gilet mens,Мъжки елек с подплата,Ανδρικό αμάνικο μπουφάν με έξτρα επένδυση,Vesta matlasata barbati
2 zip gilet mens,Мъжки елек с 2 ципа,Ανδρικό αμάνικο μπουφάν με δυο φερμουάρ,Vesta cu 2 fermoare barbati
casual jacket mens,Мъжко ежедневно яке,Ανδρικό Casual μπουφάν,Geaca casual barbati
hooded jacket mens,Мъжко яке с качулка,Ανδρικό μπουφάν με κουκούλα,Geaca cu gluga pentru barbati
zip jacket mens,Мъжко яке с цип,Ανδρικό μπουφάν με  φερμουάρ,Geaca cu fermoar barbati
bomber mens,Мъжки бомбер,Ανδρικό μπουφάν bomber,Geaca bomper barbati
Hooded down parka mens,Мъжка парка с качулка,Παρκά ανδρικό με  κουκούλα ,Geaca parka barbati
bomber jacket mens,Мъжки бомбер,Ανδρικό μπουφάν bomber,Geaca bomper barbati
gilet mens,Мъжки елек,Ανδρικό αμάνικο μπουφάν,Vesta pentru barbati
rain jacket mens,Мъжко яке за дъжд,Ανδρικό μπουφάν αδιάβροχο,Geaca de ploaie pentru barbati
4 pocket jacket mens,Мъжко яке с 4 джоба,Ανδρικό μπουφάν  με 4 τσέπες,Geaca cu 4 buzunare barbati
zip hooded jacked,Мъжко яке с качулка и цип,Ανδρικό μπουφάν με κουκούλα και φερμουάρ,Jacheta cu gluga si fermoar
parka,Парка,Παρκά ,Parka
Running jacket mens,Мъжко яке за тичане,Ανδρικό μπουφάν για τρέξιμο,geaca trening barbati
ski jacket mens,Мъжко яке за ски,Ανδρικό μπουφάν για σκι,geaca de schi barbati
lightweight jacket,Олекотено яке,Ανδρικό Τζάκετ ,Geaca subtire
Parka jacket,Парка,Παρκά ,Geaca parka
collar jacket mens,Мъжко яке с яка, Ανδρικό μπουφάν με γιακά,Geaca cu guler barbati
Parka jacket mens,Мъжка парка,Ανδρικό Παρκά ,Geaca parka pentru barbati
3 in 1 jacket mens,Мъжко яке 3 в 1, Ανδρικό μπουφάν 3 σε 1,Geaca barbati 3 in 1
Gilet,Елек,Αμάνικο μπουφάν,Vesta barbati
padded gilet,Подплатен елек,Αμάνικο μπουφάν με επένδυση,vesta matlasata
anorak mens,Мъжки анорак,Ανδρικό μπουφάν άνορακ,Hanorac barbati
windproof shirt mens,Мъжко ветроустойчиво горнище,Ανδρικό αντιανεμικό ,Jacheta rezistenta la vant barbati
Long sleeve jacket mens,Мъжко яке с дълъг ръкав,Αμάνικο μπουφάν,Geaca cu maneca lunga pentru barbati
long parka jacket,Дълго яке тип парка,Ανδρικό Μακρύ Παρκά,Geaca lunga parka
denim jacket,Дънково горнище,Τζιν τζάκετ,Jacheta denim
coat mens,Мъжко палто,Ανδρικό παλτό,Palton barbat
3 in 1 weathertite jacket mens,Мъжко яке 3 в 1, Ανδρικό μπουφάν 3 σε 1,Geaca 3 in 1 barbati
Athletic jacket,Спортно яке,Αθλητικό Μπουφάν,Geaca sport
Windbraker jacket,Ветроустойчиво яке,Αντιανεμικό μπουφάν ,Geaca impermeabila
Summer park,Лятна парка,Καλοκαιρινό Παρκά,Geaca de vara parka
Insulated jacket mens,Мъжко яке с подплата,Ανδρικό μπουφάν  με  επένδυση,Geaca vatuita barbati
Parka Jacket,Парка,Παρκά,Geaca parka
Reflective jacket mens,Мъжко яке със светлоотразяване,Ανδρικό μπουφάν φωσφοριζέ,Jacheta reflectorizanta barbati
transparent rain jacket,Прозрачно яке за дъжд,Αδιάβροχο διάφανο μπουφάν,Pelerina de ploaie
zip hoodie mens,Мъжко горнище с цип,Ανδρική Ζακέτα με φερμουάρ,hanorac cu fermoar pentru barbati
hooded sweater mens,Мъжки суитчър с качулка,Ανδρικό Φούτερ με Κουκούλα,Pulover tricotat cu grluga
sleeveless mens hooded top,Мъжко горнище без ръкави с качулка, Ανδρική αμάνικη μπλούζα με κουκούλα,Hanorac fara maneci cu fermoar 
hoodie mens,Мъжко горнище с качулка,Ανδρική Ζακέτα με Κουκούλα,Hanorac cu gluga
Zip up hoodie mens,Мъжко горнище с цип,Ανδρική Ζακέτα με φερμουάρ,Hanorac cu fermoar
sweater mens,Мъжки суитчър,Ανδρικό Φούτερ,Pulover pentru barbati
print hoodie mens,Мъжки суитчър с принт,Ανδρικό Φούτερ,Hanorac cu imprimeu pentru barbati
sweatshirt mens,Мъжки суитчър,Ανδρικό Φούτερ,Hanorac pentru barbati
zipped hoodie mens,Мъжки суитчър с цип и качулка,Ανδρικό φούτερ με κουκούλα και φερμουάρ,Hanorac cu fermoar si cu gluga barbati
full zip hoody mens,Мъжки суитчър с цип,Ανδρικό φούτερ με  φερμουάρ,Hanorac cu fermoar pentru barbati
hoody mens,Мъжко горнище с качулка,Ανδρική Ζακέτα με Κουκούλα,Hanorac cu fermoar pentru barbati
V neck sweater mens,Мъжко горнище с шпиц деколте,Ανδρική μπλούζα με V ντεκολτέ,"Pulover cu decolteu in V, pentru barbati"
fleece mens,Мъжко вълнено горнище,Ανδρικό Φούτερ,Hanorac fleece barbati
men's hoodie,Мъжко горнище с качулка,Ανδρικό φούτερ με κουκούλα,Hanorac cu gluga pentru barbati
short sleeve sweatshirt,Мъжко горнище с къс ръкав,Ανδρική μπλούζα ,Hanorac cu maneca scurta pentru barbati
top mens,Мъжко горнище,Ανδρική μπλούζα,Hanorac pentru barbati
men's full-zip hoodie,Мъжко горнище с качулка и цип,Ανδρική Ζακέτα με Κουκούλα,Hanorac cu gluga si fermoar pentru barbati
zip hoodie,Горнище с качулка и цип,Ανδρικό φούτερ με κουκούλα και φερμουάρ,Hanorac cu fermoar si cu gluga
turtle neck sweater mens,Мъжко поло горнище,Ανδρικό Ζιβάγκο,Pulover pe gat barbati
soccer hoodie,Мъжко горнище за футбол,Ανδρικό φούτερ - Ποδόσφαιρο ,Hanorac sport barbati
Pullover hoodie,Мъжко горнище,Ανδρικό Φούτερ,Hanorac barbati
Training sweatshirt mens,Мъжко тренировъчно горнище,Ανδρική μακρυμάνικη μπλούζα προπόνησης,Hanorac training barbati
sweatshirt,Суитчър,Φούτερ,Pulover
Training hoodie mens,Мъжко спортно горнище с качулка,Ανδρικό φούτερ με κουκούλα,Hanorac sport barbati
pocket sweatshirt,Мъжко горнище с джоб,Ανδρικό φούτερ μετσεπη,Hanorac cu buzunar pentru barbati
hoody men's,Мъжко горнище с качулка,Ανδρικό φούτερ με κουκούλα,Hanorac cu gluga pentru barbati
hooded sweashirt,Горнище с качулка,Ανδρικό φούτερ με κουκούλα,Hanorac cu gluga
hoodie,Горнище с качулка,Ανδρικό φούτερ με κουκούλα,Hanorac
long sleeve baselayer mens,Мъжко термоблуза с дълъг ръкав,Ανδρική Ισοθερμική Μπλούζα ,"Bluza termica cu maneca lunga, barbati"
base mock neck mens,Мъжко термобельо с дълъг ръкав,Αντρική Ισοθερμική  Φανέλα - μακρυμάνικη,Bluza termica barbati
baselayer top mens,Мъжко термобельо с дълъг ръкав,Αντρική Ισοθερμική  Φανέλα - μακρυμάνικη,Bluza termica barbati
leggings mens,Мъжки клин,Ανδρικό κολάν,Colanti barbati
Thermo tights mens,Мъжки термоклин,Ανδρικό Ισοθερμικό Κολάν,Colanti termici barbati
base short sleeves mens,Базово бельо с къс ръкав,Αντρική Κοντομάνικη Φανέλα,"tricou de compresie, maneci scurte"
tight mens,Мъжки клин,Ανδρικό κολάν,Colanti barbati
thermal tights mens,Мъжки термоклин,Ανδρικό Ισοθερμικό Κολάν,Colanti termici barbati
tights mens,Мъжки клин,Ανδρική Ισοθερμική Μπλούζα ,Colanti barbati
baselayer top mens,Мъжка термоблуза,Ανδρική Ισοθερμική Μπλούζα ,bluza termica barbati
baselayer top,Термоблуза,Ισοθερμική Μπλούζα ,bluza termica
climbing pants mens,Мъжки панталони за катерене,Ανδρικό Παντελόνι Αναρρίχησης,pantaloni catarare barbati
t shirt mens,Мъжка тениска,Αντρικό T-Shirt ,Tricou barbati
thermal top mens,Мъжка термоблуза,Ανδρική Ισοθερμική Μπλούζα ,Bluza termica pentru barbati
Thermal pants mens,Мъжки термоклин,Ανδρικό Ισοθερμικό Κολάν,Colanti termici barbati
base layer shorts mens,Мъжки термоклин къс,Ανδρικό Ισοθερμικό Κολάν,Colanti scurti pentru barbati
baselayer top mens,Мъжка термоблуза,Ανδρική Ισοθερμική Μπλούζα ,Bluza termica pentru barbati
base layer t shirt mens,Мъжка термотениска,Ανδρική Ισοθερμική Μπλούζα ,Tricou termic pentru barbati
men's short sleeve top,Мъжко горнище с къс ръкав,Ανδρική κοντομάνικη μπλούζα ,Tricou maneca scurta barbati
long sleeve base layer mens,Мъжка термоблуза с дълъг ръкав,Ανδρική Ισοθερμική Μπλούζα ,"Bluza termica cu maneca lunga, barbati"
men's long-sleeve top,Мъжко горнище с дълъг ръкав,Ανδρική μακρυμάνικη μπλούζα,tricou cu maneca lunga barbati
regular mens jeans,Мъжки дънки regular fit ,Ανδρικό τζιν regular fit ,blugi regular barbati
belted jeans mens,Мъжки дънки с колан,Ανδρικό τζιν με ζώνη,Blugi cu curea pentru barbati
belt mens jeans,Мъжки дънки с колан,Ανδρικό τζιν με ζώνη,Blugi cu curea pentru barbati
Slim mens jeans,Мъжки дънки slim fit,Ανδρικό τζιν slim fit,Blugi slim fit pentru barbati
jeans,Дънки,Τζιν παντελόνι,Blugi
mens jeans,Мъжки дънки,Ανδρικό  τζιν,Blugi de barbat
jeans mens,Мъжки дънки,Ανδρικό  τζιν,Blugi de barbat
Skinny jeans mens,Мъжки дънки skinny fit,Ανδρικό  τζιν skinny fit,Blugi skinny fit pentru barbati
cuffed jeans mens,Мъжки дънки с връзки,Ανδρικό  τζιν με κορδόνια,Blugi cu snur pentru barbati
slim jeans,Дънки slim fit,Τζιν παντελόνι slim fit,Blugi slim fit
skinny mens jeans,Мъжки дънки skinny fit,Ανδρικό  τζιν skinny fit,Blugi skinny fit pentru barbati
super skinny jeans,Дънки super skinny fit,Τζιν παντελόνι super skinny fit,Blugi super skinny fit
belted slim jeans,Дънки с колан slim fit,Τζιν παντελόνι με ζώνη slim fit,Blugi cu curea slim fit
slim leg jeans mens,Мъжки дънки slim fit,Ανδρικό τζιν slim fit,Blugi slim fit pentru barbati
shorts mens,Мъжки къси панталони,Ανδρικό σορτς,Pantaloni scurti barbati
box lightweight shorts mens,Мъжки боксови олекотени къси панталони,Ανδρικό  Πυγμαχικό Σορτσάκι ,Pantaloni scurti barbati
Printed shorts mens,Мъжки къси панталони с принт,Ανδρικό σορτς,"Pantaloni scurti, cu imprimeu pentru barbati"
shorts,Къси панталони,Σορτς,Pantaloni scurti
Jogging bottoms,Спортно долнище,Αθλητικό παντελόνι,Sort alergare de barbat
Woven shorts mens,Мъжки ватирани шорти,Ανδρικό σορτς χοντρό ύφασμα ,"Pantaloni scurti pentru fotbal, barbati"
men's soccer shorts,Мъжки футболни шорти,Ανδρικό  σόρτς ποδοσφαίρου,"Sort pentru fotbal, barbati"
belt shorts mens,Мъжки къси панталони с колан,Ανδρική βερμούδα με ζώνη,Pantaloni scurti cu curea pentru barbati
denim shorts mens,Мъжки дънкови къси панталони,Ανδρική τζιν βερμούδα ,pantaloni scurti denim barbati
football shorts mens,Мъжки футболни шорти,Ανδρικό  σόρτς ποδοσφαίρου,"Sort pentru fotbal, barbati"
training shorts mens,Спортни шорти,Σορτς,Sort sport barbati
denim shorts,Дънкови къси панталони,Τζιν σορτς,Pantaloni scurti denim
men's basketball shorts,Мъжки баскетболни шорти,Ανδρικό σορτς μπάσκετ,Sort de bascketball pentru barbati
running shorts,Шорти за тичане,Σορτς για Τρέξιμο,Sort de alergare
men's shorts,Мъжки шорти,Ανδρικό σορτς,Sort barbati
Linen shorts mens,Мъжки ленени къси панталони,Ανδρική βερμούδα από λινό,"Pantaloni scurti de in, barbati"
three quarter woven shorts mens,Мъжки къси панталони от вълна три четвърти,Ανδρική βερμούδα 3/4,"Pantaloni de lana trei sferturi, pentru barbati"
belted chino shorts mens,Мъжки чино къси панталони с колан,Ανδρική chino βερμούδα με ζώνη,"Pantaloni scurti chino cu curea, pentru barbati"
three quarter tracksuit bottoms mens,Мъжко спортно долнище три четвърти,Ανδρικό παντελόνι φόρμας 3/4,Pantaloni de trening trei sferturi pentru barbati
basketball shorts mens,Мъжки баскетболни шорти,Ανδρικό σορτς μπάσκετ,"Sort de basketball, pentru barbati"
climbing shorts mens,Мъжки шорти за катерене,Ανδρικό Σορτς Αναρρίχησης,Sort de catarare pe ntru barbati
boxing shorts,Боксови шорти,Σορτς πυγμαχίας,Sort de box
jogging shorts,Шорти за джогинг,Σορτς για τρέξιμο,Sort jogging
box short mens,Мъжки боксови шорти,Ανδρικό σορτς πυγμαχίας,"Sort de box, pentru barbati"
running shorts mens,Мъжки шорти за тичане,Ανδρικό σορτς για τρέξιμο,"Sort de alergare, pentru barbati"
belted shorts mens,Мъжки къси панталони с колан,Ανδρικό σορτς με ζώνη ,Pantaloni scurti cu curea pentru barbati
board shorts mens,Мъжки бански за сърф,Ανδρικό μαγιό σέρφινγκ ,Pantaloni scurti pentru surfing pentru barbati
trousers mens,Мъжки панталони,Ανδρικό παντελόνι ,pantaloni  barbati
zipper trousers mens,Мъжки панталони с цип,Ανδρικό παντελόνι με φερμουάρ,pantaloni  cu fermoar barbati
chinos mens,Мъжки чино панталони,Ανδρικό chino παντελόνι ,Pantaloni chino pentru barbati
chino mens,Мъжки чино панталони,Ανδρικό chino παντελόνι ,Pantaloni chino pentru barbati
trouser mens,Мъжки панталони,Ανδρικό παντελόνι ,Pantaloni pentru barbati
chinos,Мъжки чино панталони,Ανδρικό chino παντελόνι ,Pantaloni chino
trousers,Панталони,Παντελόνι ,Pantaloni
chino trousers mens,Мъжки чино панталони,Ανδρικό chino παντελόνι ,Pantaloni chino pentru barbati
Golf pants mens,Мъжки панталони за голф,Ανδρικό παντελόνι γκολφ,Pantaloni de golf pentru barbati
pants mens,Мъжки панталони,Ανδρικό παντελόνι ,Pantaloni de barbat
chino trousers,Чино панталони,Ανδρικό chino παντελόνι ,Pantaloni chino
winter trousers mens,Мъжки зимни панталони,Αντρικό χειμωνιάτικο  παντελόνι ,Pantaloni de iarna pentru barbati
cargo pants mens,Мъжки панталони със странични джобове,Ανδρικό παντελόνι CARGO,"Pantaloni cu buzunare laterale, barbati"
trousers mens,Мъжки панталони,Ανδρικό παντελόνι ,Pantaloni de barbat
golf trousers mens,Мъжки панталони за голф,Ανδρικό παντελόνι γκολφ,Pantaloni de golf pentru barbati
waterproof pants mens,Мъжки водоустойчиви панталони,Ανδρικό αδιάβροχο παντελόνι,Pantaloni impermeabili pentru barbati
golf pants mens,Мъжки панталони за голф,Ανδρικό παντελόνι γκολφ,Pantaloni de golf pentru barbati
jogging bottoms mens,Мъжко спортно долнище,Ανδρικό παντελόνι φόρμας για τρέξιμο,Pantaloni trening pentru barbati
suit trousers mens,Мъжки официални панталони,Ανδρικό παντελόνι ,Pantaloni clasici pentru barbati
walking trousers mens,Мъжки туристически панталони,Ανδρικό παντελόνι πεζοπορίας,"Pantaloni turism, barbati"
ski pants mens,Мъжки ски панталони,Ανδρικό παντελόνι σκι,Pantaloni de schi pentru barbati
walking trousers,Туристически панталони,Παντελόνια πεζοπορίας - ορειβασίας,Pantaloni turism
boxing vest top mens,Мъжки потник за бокс,Ανδρικό αμάνικο φανελάκι μποξ,Maieu de box barbati
vest mens,Мъжки потник,Ανδρικό αμάνικο φανελάκι,Maieu pentru barbati
sleeveless t shirt mens,Мъжка тениска без ръкав,Ανδρική αμάνικη μπλούζα,Tricou fara maneci barbati
basketball jersey mens,Мъжки потник за баскетбол,Ανδρικό αμάνικο φανελάκι μπάσκετ,Tricou pentru 
Sleeveless tee mens,Мъжка тениска без ръкав,Ανδρική αμάνικη μπλούζα,Maieu baschet pentru barbati
sleeveless tank top mens,Мъжка тениска без ръкав,Ανδρική αμάνικη μπλούζα,Tricou fara maneci pentur barbati
printed vest mens,Мъжки потник с принт,Ανδρικό αμάνικο φανελάκι,Mieu cu imprimeu pentru barbati
sleeveless vest,Потник,Φανελάκι,Maieu
embroidered vest,Потник с бродерия,Φανελάκι,maieu cu broderie
Jersey vest mens,Мъжки спортен потник,Ανδρικό αθλητικό αμάνικο φανελάκι,Maieu sport pentru barbati
tank top mens,Мъжки спортен потник,Ανδρικό αθλητικό αμάνικο φανελάκι,Maieu pentru barbati
basketball jersey,Баскетболна фланелка,Μπλούζες μπασκετ,Maieu de basketball
2in1 joggers mens,Мъжки спортни панталони 2 в 1,Ανδρικό αθλητικό παντελόνι 2σε1,Pantaloni de antrenament 2 in 1 pentru barbati
jogger pants mens,Мъжки спортни панталони,Ανδρικό αθλητικό παντελόνι,Pantaloni de trening barbati
jogging bottoms mens,Мъжки спортни панталони,Ανδρικό αθλητικό παντελόνι,Pantaloni sport pentru barbati
track joggers mens,Мъжки спортни панталони,Ανδρικό αθλητικό παντελόνι,Pantaloni de trening barbati
jogging pants mens,Мъжки спортни панталони,Ανδρικό αθλητικό παντελόνι,Pantaloni de trening barbati
slim jogging pants mens,Втален мъжки спортен панталон,Ανδρικό αθλητικό παντελόνι,Pantaloni de antrenament slim fit barbati
jogging bottoms,Спортни панталони,Αθλητικό παντελόνι,Pantaloni sport
2in1 jogger mens,Мъжки спортни панталони 2 в 1,Ανδρικό αθλητικό παντελόνι 2 σε 1,Pantaloni sport 2 in 1 pentru barbati
joggers,Спортни панталони,Αθλητικό παντελόνι,Pantaloni sport
sweatpants mens,Мъжко долнище на анцуг,Ανδρικό παντελόνι φόρμας ,Pantaloni sport
box three quarter jogging bottoms mens,Мъжко спортно долнище за бокс три четвърти,Ανδρικό παντελόνι φόρμας για μποξ 3/4,Pantaloni de box trei sferturi pentru barbati
knit jumper mens,Мъжки пуловер,,Pulover pentru barbati
v neck knit jumper mens,Мъжки пуловер с шпиц деколте,,"pulover tricotat pentru barbati, cu decoltei in V"
full zip cut and sew knit mens,Мъжки пуловер с цип,,pulover cu fermoar pentru barbati
Knit mens,Мъжки пуловер,,Pulover tricotat pentru barbati
cardigan mens,Мъжка плетена жилетка,,Cardigan pentru barbati
jumper mens,Мъжки пиловер,,Pulover barbati
Knitted jumper,Плетен пуловер,,Pulover tricotat
knitted sweatshirt mens,Мъжки плетен пуловер,,Pulover tricotat pentru barbati
neck jumper,Пуловер,,Pulover
quarter zip striped knit mens,Мъжки пуловер с цип,,Pulover cu fermoar pentru barbati
pocket knit mens,Мъжки пуловер с джоб,,Pulover cu buzunar pentru barbati
Polo Shirt Mens,Мъжка тениска с яка,,Tricou cu guler pentru barbati
Golf Polo Shirt Mens,Мъжка тениска за голф с яка,,Tricou de golf cu guler pentru barbati
Tennis Polo Shirt Mens,Мъжка тениска за тениска с яка,,Tricou de tenis cu guler pentru barbati
Rugby Polo Shirt Mens,Мъжка ръгби тениска с яка,,Tricou de rugby cu guler pentru barbati
Long Sleeve Polo Shirt Mens,Мъжка блуза с яка,,"Tricou pentru barbati, de rugby cu guler"
Stripe Polo Shirt Mens,Раирана тениска с яка,,Tricou cu dungi verticale pentru barbati
t shirt mens,мъжка тениска,,Tricou pentru barbati
V Neck T Shirt Mens,Мъжка тениска с шпиц деколте,,"Tricou pentru barbati, cu decolteu in V"
Running T Shirt Mens,Мъжка тениска за тичане,,Tricou de alergat pentru barbati
Printed T Shirt Mens,Мъжка тениска с принт,,Tricou cu imprimeu pentru barbati
Logo T Shirt Mens,Мъжка тениска с лого,,Tricou cu logi pentru barbati
Long Sleeve T Shirt Mens,Мъжка блуза с дълъг ръкав,,Bluza cu maneca lunga pentru barbati
Short Sleeve T Shirt Mens,Мъжка тениска с къс ръкав,,Tricou cu maneca scurta pentru barbati
Polyester T Shirt Mens,Мъжка тениска от полиестер,,Tricou din poliester pentru barbati
3 pack t shirts mens,Мъжки тениски 3 броя,,Set 3 tricouri pentru barbati
box t shirt mens,Мъжка тениска за бокс,,Tricou de box pentru barbati
three pack v neck t shirt mens,Мъжки тениски 3 броя с шпиц деколте,,"Set 3 tricouri pentru barbati, cu decolteu in V"
running top mens,Мъжки спортен топ,,"Top pentru alergare, barbati"
3 pack tees mens,Мъжки тениски 3 броя в комплект,,Set 3 tricouri pentru barbati
v neck t shirt men's,Мъжка тениска с шпиц деколте,,"Tricou pentru barbati, cu decolteu in V"
plain t shirt mens,Мъжка тениска изчистена,,Tricou simplu de barbat
Training shirt,Тениска за тренировка,,tricou de antrenament pentru barbati
Short sleeve training t shirt mens,Мъжка тениска с къс ръкав,,tricou de antrenament cu maneca scurta pentru barbati
hooded t shirt mens,Мъжка тениска с качулка,,Tricou cu gluga pentru barbati
t shirt,Тениска,,Tricou
print tee mens,Мъжка тениска с принт,,Tricou cu imprimeu pentru barbati
print t shirt mens,Мъжка тениска с принт,,Tricou cu imprimeu pentru barbati
tee mens,Мъжка тениска,,Tricou pentru barbati
v neck tee mens,Мъжка тениска с шпиц деколте,,Tricou pentru barbati cu decolteu in V
cycling short sleeve jersey mens,Мъжка блуза за колоездене,,Tricou de ciclism pentru barbati
t-shirt mens,Мъжка тениска,,Tricou de barbat
training jersey t shirt,Тренировъчен екип с къс ръкав,,Tricou de antrenament cu maneca scurta
v neck t-shirt mens,Мъжка тениска с шпиц деколте,,Tricou de barbat cu decolteu in V
Footbal jersey,Футболна фланелка,,Tricou de fotbal
plain polo shirt mens,Мъжка тениска с яка изчистена,,Tricou simplu cu guler pentru barbati
printed polo shirt mens,Мъжка тениска с яка с принт,,Tricou cu guler si imprimeu pentru barbati
two pack polo shirts mens,Мъжка тениска с яка 2 броя в комплект,,Set 2 tricouri cu guler de barbat
polo men,Мъжка тениска с яка,,Tricou cu guler pentru barbati
shirt and tie set mens,Мъжка риза и вратовръзка,,Camasa cu cravata pentru barbati
short sleeve square shorts mens,Мъжка карирана риза с къс ръкав,,"Camasa in carouri cu maneca scurta, pentru barbati"
Stripe long sleeve shirt mens,Мъжка раирана риза с дълъг ръкав,,"Camasa in carouri cu maneca lunga, pentru barbati"
long sleeve pocket shirt mens,Мъжка риза с дълъг ръкав и джоб,,Camasa cu maneca lunga si buzunar pentru barbati
Short sleeve shirt mens,Мъжка риза с къс ръкав,,"Camasa cu maneca scurta, pentru barbati"
Long sleeve shirt mens,Мъжка риза с дълъг ръкав,,"Camasa cu maneca lunga, pentru barbati"
shirt,Риза,,Camasa
Long sleeve printed shirt mens,Мъжка риза с дълъг ръкав и принт,,"Camasa cu maneca lunga si imprimeu, pentru barbati"
long sleeve shirt tie set mens,Мъжка риза с дълъг ръкав и вратовръзка,,Camasa cu maneca lunga si cravata pentru barbati
stripte short sleeve shirt mens,Мъжка раирана риза с къс ръкав,,"Camasa in dungi cu maneca scurta, pentru barbati"
short sleeve check shirt mens,Мъжка риза с къс ръкав карирана,,"Camasa in carouri cu maneca scurta, pentru barbati"
Short sleeve gingham shirt mens,Мъжка риза с къс ръкав и подвити ръкави,,"Camasa cu maneca scurta suflecata, pentru barbati"
shirt mens,Мъжка риза,,Camasa pentru barbati
Long sleeve denim shirt mens,Мъжка дънкова риза с дълъг ръкав,,Camasa denim cu maneca lunga pentru barbati
short sleeve denim shirt,Мъжка дънкова риза с къс ръкав,,Camasa denim cu maneca scurta pentru barbati
Flannel shirt mens,Мъжка риза,,Camasa din flanel pentru barbati
Long sleeve check shirt mens,Мъжка карирана риза с дълъг ръкав,,"Camasa in carouri cu maneca lunga, pentru barbati"
Linen shirt mens,Мъжка ленена риза,,Camasa de in pentru barbati
check linen shirt mens,Мъжка карирана риза от лен,,Camasa de in in carouri pentru barbati
check shirt,Карирана риза,,Camasa in carouri
muscle fit shirt,Вталена риза,,Camasa slim fit 
checked shirt mens,Мъжка карирана риза,,Camasa in carouri pentru barbati
Pyjama set mens,Мъжка пижама 2 части,,"Set de pijama pentru barbati, 2 piese"
2 pack pyjama bottoms mens,Мъжко долнище на пижама 2 броя в комплект,,"Set pantaloni de pijama pentru barbati, 2 piese"
5 pack bamboo fibre socks mens,Мъжки чорапи от бамбук 5 чифта в комплект,,Set 5 perechi de sosete din bumbac pentru barbati
5 pack fashion socks men,Комплект 5 чифта мъжки чорапи Fashion,,"Set 5 perechi sosete Fashion, pentru barbati"
5 pack bamboo socks men,Комплект 5 чифта мъжки чорапи от бамбук,,Set 5 perechi de sosete din bumbac pentru barbati
5 pack crew socks mens,Комплект 5 чифта мъжки чорапи,,Set 5 perechi de sosete pentru barbati
5 pack stripe trainer socks mens,Комплект 5 чифта раирани мъжки чорапи,,Set 5 perechi de sosete in dungi pentru barbati
2 pack ski socks mens,Комплект 2 чифта мъжки чорапи за ски,,Set 2 perechi de sosete de schi pentru barbati
socks 12 pack mens plus,Комплект 12 чифта мъжки чорапи,,Set 12 perechi de sosete pentru barbati
sock 3 pack,Комплект 3 чифта чорапи,,Set 3 perechi de sosete
3 pack crew socks mens,Комплект 3 чифта мъжки чорапи,,"Set 3 perechi de sosete, pentru barbati"
10 pack crew socks mens,Комплект 10 чифта мъжки чорапи,,"Set 10 perechi de sosete, pentru barbati"
10 pack socks mens,Комплект 10 чифта мъжки чорапи,,"Set 10 perechi de sosete, pentru barbati"
socks 12 pack mens,Мъжки чорапи 12 чифта в комплект,,Set 12 perechi de sosete pentru barbati
3 pack trainer socks mens,Мъжки спортни чорапи 3 чифта в комплект,,Set 3 perechi de ciorapi sport pentru barbati
5 pack essential socks mens,Мъжки чорапи 5 чифта в комплект,,Set 5 perechi de sosete pentru barbati
5 pack trainer socks mens,Мъжки спортни чорапи 5 чифта в комплект,,Set 5 perechi de sosete sport pentru barbati
3 pack quarter socks mens,Мъжки чорапи 3 чифта в комплект,,Set 3 perechi de sosete pentru barbati
three pack socks mens,Мъжки чорапи 3 чифта в комплект,,Set 3 perechi de sosete pentru barbati
sock 3 pack,Чорапи 3 чифта в комплект,,Set 3 perechi de sosete
mens thermal socks,Мъжки термо чорапи,,Sosete termice pentru barbati
golf socks 3 pack unisex,Унисекс чорапи за голф 3 чифта в комплект,,Set 3 perechi de sosete unisex
3 pack ankle socks mens,Мъжки чорапи до глезена 3 чифта в комплект,,Set 3 perechi de sosete pana la glezne pentru barbati
socks mens,Мъжки чорапи,,Sosete pentru barbati
pack socks mens,чифта мъжки чорапи,,Sosete pentru barbati
7 pack socks mens,Мъжки чорапи 7 чифта в комплект,,Set 7 perechi de sosete pentru barbati
2 pack running socks mens,Мъжки чорапи за тичане 2 чифта в комплект,,"Set 2 perechi de sosete pentru alergat, de barbat"
trekking socks two pack mens,Мъжки чорапи за трекинг 2 чифта в комплект,,Set 2 perechi de sosete de trakking pentru barbati
walking sock 2 pack mens,Мъжки туристически чорапи 2 чифта в комплект,,Set 2 perechi de sosete turism pentru barbati
5 pack men's trainer socks,Мъжки спортни чорапи 5 чифта в комплект,,Set 5 perechi de sosete sport pentru barbati
pack crew socks mens,чифта мъжки чорапи,,Sosete pentru barbati
running socks mens,чорапи за тичане,,Sosete de alergat
ankle socks,чорапи до глезена,,Sosete pana la glezne
two pack lightweight socks,Олекотени чорапи 2 чифта в комплект,,Set 2 perechi de sosete subtiri
football socks,Футболни калци,,Sosete fotbal
football socks mens,Футболни калци мъжки,,"Sosete fotbal, pentru barabti"
pack trainer socks,Чифта спортни чорапи,,Sosete sport 
3pk,3 чифта,,Set 3 perechi
5pk,5 чифта,,Set 5 perechi
formal socks 7 pack,Официални чорапи 7 чифта в комплект,,Set 7 perechi de sosete
Goal keeper socks mens,Вратарски калци мъжки,,"Sosete de portar, pentru barbati"
pack running socks,чифта чорапи за тичане,,Sosete de alergat
pack running socks mens,чифта мъжки чорапи за тичане,,"Sosete de alergat, pentru barbati"
brief 5 pk,Слипове 5 броя в комплект,,Set 5 buc slipi
5 pack printed boxer shorts mens,Мъжки боксерки 5 броя в комплект,,"Set 5 buc boxeri, pentru barbati"
10 pack boxer shorts mens,Мъжки боксерки 10 броя в комплект,,"Set 10 buc boxeri, pentru barbati"
3pk hboxer,Боксерки 3 броя в комплект,,"Set 3 buc boxeri, pentru barbati"
5 pack modal boxers mens,Мъжки боксерски 5 броя в комплект,,"Set 5 buc boxeri, pentru barbati"
2 pack trunks mens,Мъжки боксерски 2 броя в комплект,,"Set 2 buc boxeri, pentru barbati"
pack boxers mens,броя мъжки боксерки,,Set de boxeri pentru barbati
pack trunks mens,броя мъжки боксерки,,Boxeri pentru barbati
briefs pack of,Слипове в комплект от,,Slipi pentru barbati
boxers 5 pack,Боксерки 5 броя в комплект,,Set 5 buc boxeri
pack briefs mens,броя мъжки слипове,,Slipi pentru barbati
2pk brief mens,Мъжки слипове 2 броя в комплект,,"Set 2 buc de slipi, pentru barbati"
training trunk 2 pack mens,Мъжко спортно бельо 2 броя в комплект,,"Lenjerie sport, pentru barbati, set de 2 bucati"
trunks mens,Мъжки боксерки,,Boxeri pentru barbati
trunks,Боксерки,,Boxeri
ladies boots,Дамски обувки,,Ghete dama
boots ladies,Дамски обувки,,Incaltaminte pentru dama
Pull on boots ladies,Дамски боти високи,,Cizme inalte femei
ladies ankle boots,Дамски боти до глезена,,"Ghete pana la glezne, dama"
ladies walking boots,Дамски туристически обувки,,Incaltaminte drumetie dama
Ladies chelsea boots,Дамски боти,,Ghete dama
orchid boots,Дамски боти високи,,Cizme inalte dama
ladies lace boots,Дамски обувки с връзки,,"Incaltaminte cu siret, dama"
Zip ladies boots,Дамски обувки с цип,,"Incaltaminte cu fermoar, dama"
Buckle boots womens,Дамски обувки с катарама,,"Ghete dama, cu catarama"
Ladies snow boots,Дамски ботуши за сняг,,"Cizme de zapada, de dama"
snug ladies boots,Дамски ботуши,,Cizme dama
Ladies steel toe cap safety boots,Дамски ботуши с предна метална защита,,Ghete cu bombeu din otel dama
zip boots ladies,Дамски обувки с цип,,"Ghete cu fermoar, dama"
snow boots ladies,Дамски обувки за сняг,,"Cizme de zapada, de dama"
laced mucker boots,Дамски ботуши за сняг с връзки,,"Cizme de zapada cu siret, de dama"
snug boots ladies,Дамски ботуши,,Ghete de dama
riding boots,Ботуши за езда,,Cizme de calarit
Long riding boots,Високи ботуши за езда,,Cizme inalte de calarit
Riding boot,Ботуши за езда,,Cizme de calarit
zip boots,Обувки с цип,,Cizme cu femoar
jodhpur boots,Боти с ластик,,Ghete cu elastic
waterproof walking boots,Непромокаеми туристически обувки,,Ghete impermeabile de drumetie
walking boots ladies,Дамски туристически обувки,,"Ghete de dama, de drumetie"
canvas lo shoes ladies,Дамски кецове ниски,,"Converse tenisi josi, dama"
Canvas mary jane ladies shoes,Дамски обувки ниски,,Tenisi dama
low ladies canvas shoes,Дамски кецове ниски,,"Converse tenisi josi, dama"
Ladies canvas shoes,Дамски кецове,,Converse tenisi
Hi top trainers,Високи кецове,,Tenisi inalti dama
canvas shoes,Обувки,,Incaltaminte
All star trainers,All star кецове,,Tenisi All star
distrino trainers,Distrino кецове,,Tenisi Distrino
Hi palm trainers,Hi Palm кецове,,Tenisi Hi Palm
Candy trainers,Candy кецове,,Tenisi Candy
Platform trainers,Кецове на висока платформа,,Tenisi cu platforma inalta
canvas trainers ladies,Дамски кецове,,Tenisi dama
ladies canvas trainers,Дамски кецове,,Tenisi pentru femei
ballet pumps ladies,Дамски обувки за балет,,"Pantofi de balet, dama"
Slip on shoes,Обувки без връзки,,Pantofi fara siret
Ladies beach shoes,Дамски обувки за плаж,,Pantofi de plaja
Sliders ladies,Дамски джапанки,,Slapi dama
Flip flops,Джапанки,,Slapi
ladies flip flops,Дамски джапанки,,Slapi dama
Slide pool shoes ladies,Дамски джапанки за басейн,,"Slapi de piscina, pentru femei"
Ladies flip-flops,Дамски джапанки,,Slapi dama
flip flops ladies,Дамски джапанки,,Slapi pentru femei
ladies trainers,Дамски маратонки,,Adidasi dama
Trainers Womens,Дамски маратонки,,Pantofi sport dama
Platform shoes,Обувки на платформа,,Pantofi cu platforma
trainers ladies,Дамски маратонки,,Pantofi sport pentru femei
womens sandals,Дамски сандали,,Sandale dama
ladies walking sandals,Дамски туристически сандали,,"Sandale de drumetie, dama"
Cork strap sliders ladies,Дамски сандали с корк и връзки,,Sandale cu talpa de pluta si barete
Ladies sandals,Дамски сандали,,Sandale dama
sandals ladies,Дамски сандали,,Sandale pentru femei
sandals,Сандали,,Sandale
ladies ballet shoes,Дамски овувки за балет,,pantofi balet dama
pumps ladies,Дамски обувки,,Balerini femei
loafer ladies,Дамски мокасини,,Mocasini pentru femei
Loafers,Мокасини,,Mocasini
Ladies loafers,Дамски мокасини,,Mocasini dama
ladies espadrilles shoes,Дамски еспадрили,,Espadrile dama
ladies shoes,Дамски обувки,,Pantofi de dama
Ladies trail running shoes,Дамски обувки за бягане,,Ghete de alergat dama
Running shoe,Обувки за бягане,,Pantofi de alergat
women's running shoe,Дамски обувки за бягане,,"Pantofi de alergat, dama"
ladies tennis shoes,Дамски овувки за тенис,,Pantofi de tenis dama
ladies running trainers,Дамски маратонки за бягане,,Adidasi de alergat pentru femei
runner trainers ladies,Дамски маратонки за бягане,,Adidasi de alergat pentru femei
ladies running shoes,Дамски маратонки за бягане,,Adidasi de alergat pentru femei
women's shoe,Дамски маратонки,,Adidasi dama
runner ladies trainers,Дамски маратонки,,Adidasi dama
runners ladies,Дамски маратонки,,Adidasi dama
running shoes ladies,Дамски маратонки за бягане,,"Pantofi de alergare, dama"
tennis shoe,Обувки за тенис,,Pantofi de tenis
women's trainers,Дамски маратонки,,Adidasi dama
womens trainers,Дамски маратонки,,Adidasi dama
tennis shoes ladies,Дамски обувки за тенис,,"Pantofi de tenis, pentru femei"
suede ladies trainers,Дамски велурени маратонки,,Adidasi sport din velur pentru femei
ladies handball trainers,Дамски обувки за хандбал,,"Pantofi handbal, pentru femei"
ladies wellingtons,Дамски гумени ботуши,,"Cizme din cauciuc, dama"
Welly ladies,Дамски гумени ботуши,,"Cizme din cauciuc, dama"
Wellies ladies,Дамски гумени ботуши,,"Cizme din cauciuc, dama"
Short ladies wellies,Дамски гумени ботуши къси,,"Cizme scurte din cauciuc, dama"
Tall wellies,Високи ботуши,,Cizme inalte
tall boots,Високи ботуши,,Cizme inalte
Tall boot unisex,Високи ботуши Унисекс,,"Cizme inalte, unisex"
wellingtons ladies,Дамски гумени ботуши,,"Cizme din cauciuc, dama"
Ladies cycling shoes,Дамски обувки за колоездене,,"Pantofi ciclism, dama"
cycling shoes ladies,Дамски обувки за колоездене,,"Pantofi ciclism, dama"
ladies golf shoes,Дамски обувки за голф,,"Pantofi de golf, dama"
golf shoes ladies,Дамски обувки за голф,,"Pantofi de golf, dama"
golf trainers ladies,Дамски обувки за голф,,"Pantofi de golf, dama"
women's skate shoe,Дамски кецове,,Tenisi dama
skate shoes ladies,дамски кецове,,Tenisi dama
skate shoe,Кецове,,Tenisi
ski boots ladies,Дамски ски обувки,,Cizme de schi dama
ladies ski boots,Дамски ски обувки,,Ghete de schi pentru femei
women's hard court tennis shoe,Дамски обувки за тенис на твърд корт,,"Pantofi sport tenis, dama"
women's tennis shoe,Дамски обувки за тенис,,"Pantofi sport tenis, pentru femei"
skirt ladies,Дамска пола,,Fusta dama
Shirt dress,Рокля с дълъг ръкав,,Rochie cu maneca lunga
Dress ladies,Дамска рокля,,Rochie femei
Woven dress,Дамска рокля с вълна,,"Rochie de lana, dama"
dress,Рокля,,Rochie
Jersey dress ladies,Рокля без ръкави,,Rochie fara maneci
Short sleeve dress,Рокля с къс ръкав,,Rochie cu maneca scurta
Denim skirt,Дънкова пола,,Fusta denim
skirt,Пола,,Fusta
leather skirt,Кожена пола,,Fusta din piele
Leather mini skirt,Кожена мини пола,,Fusta mini din piele
Jean skirt,Дънкова пола,,Fusta denim
Formal dress ladies,Официална дамска рокля,,"Rochie oficiala, femei"
Animal print Dress,Дамска рокля с животински принт,,"Rochie cu animal print, dama"
Denim molly skirt,Дамска вталена пола,,Fusta de blugi slim
Embroidered neon dress,Дамска рокля с бродерия,,"Rochie cu broderie, dama"
Midi dress,Дамска рокля средна височина,,"Rochie medie, femei"
Maxi dress,Дълга рокля,,Rochie lunga
Kimono dress,Рокля тип кимоно,,Rochie tip kimono
tie waist dress,Рокля с връзка през ханша,,Rochie cu snur in talie
lightweight gilet ladies,Олекотена дамска жилетка,,Vesta subtire dama
gillet ladies,Дамски елек,,Vesta femei
waterproof gilet,Водонепропусклива жилетка,,Vesta impermeabila pentru femei
thermal gilet ladies,Термо жилетка дамска,,"Vesta termica, dama"
puffer gillet ladies,Подплатена дамска жилетка,,"Vesta matlasata, dama"
full zip gilet,Жилетка с цип,,Vesta cu fermoar
laddies padded gilet,Подплатена дамска жилетка,,"Vesta captusita, dama"
insulated gilet,Елек с подплата,,Vesta cu captuseala
hoodie ladies,Дамски суитчър с качулка,,"Hanorac dama, cu gluga"
V neck sweatshirt ladies,Дамски суитчър с шпиц деколте,,"pulover cu decolteu in V, pentru femei"
Taped sweater ladies,Дамски суитчър,,Pulover femei
full zip hoody ladies,Дамски суитюър с цип,,"Hanorac dama, cu fermoar"
zip hoodie ladies,Дамски суитчър с качулка и цип,,"Hanorac dama, cu fermoar si gluga"
sweater ladies,Дамски суитчър,,Pulover femei
sweatshirt ladies,Дамски суитчър,,Pulover dama
Full zip fleece ladies,Дамска блуза с цип,,"Bluza dama, cu fermoar"
zip hoodie,Суитчър с качулка и цип,,Hanorac cu fermoar
button hoody ladies,Суитчър с качулка и копчета,,Hanorac cu nasturi
full zip hoody jacket ladies,Дамско яке с качулка и цип,,Geaca cu gluga si fermoar
ladies polo neck,Дамска поло блуза,,"Bluza pe gat, femei"
hoody ladies,Дамски суитчър с качулка,,Hanorac dama
hoodie,Суитчър с качулка,,Hanorac
crop hoodie ladies,Изрязан суитчър с качулка,,Hanorac scurt femei
Organic TShirt Womens,Дамска тениска с органичен памук,,"Tricou din bumbac organic, femei"
belt coat ladies,Дамско яке с колан,,"Palton dama, cu curea"
Jacket ladies,Дамско яке,,Geaca dama
Slim padded reversible jacket ladies,Дамско двулицево яке с подплата,,"Geaca cu doua fete, matlasata, de dama"
Belted coat ladies,Дамско палто с колан,,"Palton dama, cu curea"
Long padded jacket ladies,Дамско яке с подплата,,"Geaca lunga matlasata, de dama"
Belt coat ladies,Дасмко палто с колан,,"Palton dama, cu curea"
Hooded down jacket ladies,Дамско яке с качулка,,Geaca cu gluga pentru femei
hooded gilet ladies,Дамски елек с качулка,,"Vesta cu gluga, de dama"
Fur hood jacked ladies,Дамско яке с качулка с пух,,"Geaca dama, cu gluga cu blana"
coat ladies,Дамско палто,,Palton dama
Hooded parka ladies,Дамска парка с качулка,,Geaca parka dama
Wool coat ladies,Дамско вълнено палто,,Palton de lana femei
Wind breaker jacket ladies,Дамско ветроустойчиво яке,,Geaca impermeabila pentru femei
wool blend coat ladies,Дамско яке вълнено,,"Geaca de lana, dama"
Button coat ladies,Дамско палто с копчета,,"Palton cu nasturi, femei"
parka ladies,Дамска парка,,Geaca parka dama
trench ladies,Дамско палто,,Palton dama
Jacket,Яке,,Geaca
Waterproof jacket ladies,Дамско яке водоустойчиво,,"Geaca impermeabila, dama"
padded jacket,Яке с подплата,,Geaca cu captuseala
trench coat ladies,Дамско палто,,Palton dama
parka jacket ladies,Дамска парка,,Geaca parka dama
Hooded duffle coat ladies,Дамско палто с качулка,,"Palton dama, cu gluga"
padded jacket ladies,Дамско яке с подплата,,"Geaca captusita, dama"
Insulated jacket ladies,Дамско яке с подплата,,"Geaca matlasata, dama"
embroidered jacket,Яке с бродерия,,Geaca cu broderie
denim jacket,Дънково яке,,Jacheta denim
Blazer,Блейзър,,Blazer
Full zip jacket ladies,Дамско яке с цип,,"Geaca dama, cu fermoar"
rainjacket ladies,Дамско яке водоустойчиво,,"Geaca impermeabila, dama"
parka,Парка,,Parka
ski jacket ladies,Дамско яке за ски,,"Geaca de schi, pentru femei"
jacket womens,Дамско яке,,Geaca dama
fur hoodie,Пухен суитчър с качулка,,Hanorac pufos
long jacket,Дълго яке,,Geaca lunga
running jacket ladies,Дамско спортно яке,,Geaca sport dama
cycling jacket ladies,Дамско яке за колоездене,,"Geaca dama, pentru ciclism"
ski jacket,Яке за ски,,Geaca de schi
runner jacket ladies,Дамско спортно яке,,Geaca sport dama
trench coat,Палто,,"Palton dama, tip trench"
ceck peacoat,Карирано палто,,Palton in carouri
slim fit jeans ladies,Дамски дънки slim fit,,"Blugi dama, slim fit"
high waist jeans ladies,Дамски дънки с висока талия,,"Blugi dama, talie inalta"
Skinnny jeans,Вталени дънки,,Blugi skinny
jegging ladies,Джегингс,,Jegging dama
Jeans ladies,Дамски дънки,,Blugi dama
Skinny hem jeans ladies,Дамски дънки вталени,,"Blugi skinny, femei"
jeggings ladies,Джегингс,,Jegging
Jeans womens,Дамски дънки,,Blugi dama
skinny jeans womens,Дамски дънки вталени,,"Blugi skinny, dama"
jeans,Дънки,,Blugi
jeggings,Джегингс,,Jeggings
skinny jeans,Дънки вталени,,Blugi skinny
high waist skinny jeans,Вталени дамски дънки с висока талия,,"Blugi skinny cu talie inalta, pentru femei"
high waisted jeans ladies,Дамски дънки с висока талия,,"Blugi dama, cu talia inalta"
jogging pants ladies,Дамски спортен панталон,,Pantaloni sport
bottoms ladies,Дамски панталон,,Pantaloni dama
Jogger ladies,Дамски спортен панталон,,Pantaloni antrenament dama
jogging bottoms ladies,Дамски спортен панталон,,Pantaloni sport dama
pants ladies,Дамски панталон,,Pantaloni dama
joggers ladies,Дамски спортен панталон,,Pantaloni sport dama
sweatpants ladies,Дамски анцуг,,Pantaloni sport dama
jogging bottoms,Спортен панталон,,Pantaloni sport dama
jumpsuit ladies,Дамски гащеризон,,Salopeta dama
jumpsiut,Гащеризон,,Salopeta
denim jumpsiut,Дънков гащеризон,,Salopeta denim
boilersuit,Гащеризон,,Salopeta
short suit,Къс гащеризон,,Salopeta scurta
overalls,Гащеризон,,Salopeta
Playsuit,Гащеризон,,Salopeta
long sleeve playsuit,Гащеризон с дълъг ръкав,,Salopeta cu maneca lunga
playsuit ladies,Дамски гащеризон,,Salopeta dama
running tights ladies,Дамски спортен клин,,Colanti sport dama
high waist leggings ladies,Дамски клин с висока талия,,Colanti cu talie inalta dama
Reversible leggings,Клин с две лица,,Colanti cu doua fete
leggings ladies,Дамски клин,,Colanti dama
tights ladies,Дамски спортен клин,,Colanti sport dama
Reversible running tights ladies,Дамски спортен клин с 2 лица,,"Colanti sport cu doua fete, dama"
running leggings ladies,Дамски спортен клин,,"Pantaloni de alergat, dama"
polo ladies,Дамска тениска с яка,,"Tricou cu guler, dama"
polo shirt ladies,Дамска тениска с яка,,"Tricou cu guler, dama"
golf polo shirt ladies,Дамска тениска с яка за голф,,"Tricou cu guler de golf, dama"
ladies polo,Дамска поло тениска,,Tricou polo dama
sleeveless fashion polo shirt ladies,Дамска поло тениска без ръкави,,"Tricou polo fara maneci, femei"
golf polo ladies,Дамска поло тениска за голф,,"Tricou polo de golf, femei"
short sleeve polo shirt ladies,Дамска тениска с яка,,"Tricou dama, cu guler"
zip vest ladies,Дамска жилетка с цип,,"Vesta dama, cu fermoar"
short sleeve polo,Поло тениска,,Tricou polo
top ladies,Дамски топ,,Top dama
Polo,Поло,,Polo
sleeveless polo,Тениска с яка без ръкави,,Tricou cu guler fara maneci
Polo shirt,Тениска с яка,,Tricou cu guler
shirt ladies,Дамска риза,,Camasa dama
long sleeve check shirt ladies,Дамска карирана риза с дълъг ръкав,,"Camasa in carouri cu maneca lunga, femei"
short sleeve casual stripe shirt ladies,Дамска риза с къс ръкав,,"Camasa in carouri cu maneca scurta, femei"
Sleeveless shirt ladies,Дамска риза без ръкави,,"Camasa dama, fara maneci"
blouse ladies,Дамска блуза,,Camasa dama
short sleeve shirt ladies,Дамска риза с къс ръкав,,"Camasa dama, cu maneca scurta"
Short sleeve shirt,Риза с къс ръкав,,Camasa cu maneca scurta
long sleeve shirt ladies,Дамска риза с дълъг ръкав,,"Camasa dama, cu maneca lunga"
top,Топ,,Top
blouse,Блуза,,Bluza
Shirt,Риза,,Camasa
Linen shorts ladies,Дамски къси панталони лен,,"Pantaloni scurti din in, de dama"
sport shorts ladies,Дамски спортни къси панталони,,"Pantaloni scurti sport, de dama"
woven shorts ladies,Дамски къси панталони вълна,,"Pantaloni scurti din lana, de dama"
shorts ladies,Дамски къси панталони,,Pantaloni scurti de dama
swim shorts ladies,Дамско долнище на бански,,Sort inot dama
shorties ladies,Дамски къси панталони,,Pantaloni scurti dama
short tights ladies,Дамски клин къс,,"Pantaloni scurti, dama"
Denim shorts ladies,Дамски дънкови къси панталони,,"Pantaloni scurti denim, dama"
shorts 2 in 1 womens,Дамски къси панталони 2 в 1,,"Pantaloni scurti 2 in 1, de dama"
short ladies,Дамски къси панталони,,Sort dama
cycling shorts,Панталони за колоездене,,"Pantaloni de ciclism, dama"
bikini top ladies,Дамско горнище на бански,,Sutien inot
cross back swim suit,Цял бански,,Costum de baie
x back swim suit,Бански с кръстосан гръб,,Costum de baie
bikini bottoms,Долнище на бански,,Costum de baie cu spate in X
bikini bottoms ladies,Дамски бикини бански,,Chiloti de baie
swim briefs ladies,Дамско долнище на бански,,Chiloti de baie
tie bikini briefs ladies,Дамско долнище на бански с връзки,,Slipi de baie cu snur
bikini briefs,Бикини долнище,,Slipi bichini
swimsuit ladies,Дамски бански,,Costum de baie femei
three quarter interlock jogging pants ladies,Дамски спортен панталон три четвърти,,"Pantaloni sport trei sferturi, dama"
three quarter jogging pants ladies,Дамски спортен панталон три четвърти,,"Pantaloni de antrenament trei sferturi, dama"
three quarter pants ladies,Дамски панталон три четвърти,,"Pantaloni trei sferturi, dama"
three quarter walking trousers ladies,Дамски туристически панталон три четвърти,,"Pantaloni de drumetie trei sferturi, dama"
three quarter trousers ladies,Дамски панталон три четвърти,,"Pantaloni trei sferturi, dama"
jog suit ladies,Дамски спортен анцуг,,Pantaloni sport dama
tracksuit set ladies,Дамски спортен анцуг,,Pantaloni sport dama
tracksuit ladies,Дамски спортен анцуг,,Pantaloni sport dama
tracksuit top women's,Дамско горнище на анцуг,,Hanorac dama
hoody and tights tracksuit ladies,Дамски спортен комплект суитчър и клин,,Compleu sport hanorac si colanti dama
Track top ladies,Дамско спортно горнище,,Hanorac sport pentru femei
track hoody ladies,Дамско спортно горнище с качулка,,Hanorac sport cu gluga pentru femei
jog suit ladies,Дамски спортен анцуг,,Pantaloni sport pentru femei
sweat top ladies,Дамско спортно горнище,,Hanorac sport de dama
ladies tracksuit,Дамски спортен анцуг,,Pantaloni sport pentru femei
tracksuit,Анцуг,,Pantaloni sport 
tennis top ladies,Дамски топ за тенис,,"Top de tenis, dama"
track jacket ladies,Дамско спортно горнище,,Hanorac sport pentru femei
Linen trousers ladies,Дамски панталон лен,,"Pantaloni din in, dama"
trousers ladies,Дамски панталон,,Pantaloni dama
trousers,Панталони,,Pantaloni
checked trousers,Карирани панталони,,Pantaloni in carouri
skinny trousers,Вталени панталони,,Pantaloni skinny
pants ladies,Дамски панталон,,Pantaloni dama
trousers womens,Дамски панталон,,Pantaloni pentru femei
wide pants,Широки панталони,,Pantaloni largi
cotton trousers ladies,Дамски памучни панталони,,Pataloni din bumbac pentru femei
walking trousers ladies,Дамски туристически панталони,,"Pantaloni de drumetie, pentru femei"
t shirt ladies,Дамска тениска,,Tricou dama
Crop tee,Изрязана тениска,,Tricou scurt
v neck t shirt ladies,Дамска тениска с шпиц деколте,,"Tricou cu decolteu in V, dama"
short sleeve t shirt ladies,Дамска тениска с къс ръкав,,"Tricou dama, cu manera scurta"
cotton t shirt ladies,Дамска тениска памук,,"Tricou din bumbac, femei"
ladies t shirt,Дамска тениска,,Tricou pentru femei
shoulder t shirt,Дамска тениска с изрязани рамене,,"Tricou cu umeri goi, pentru femei"
sleeve top ladies,Дамски топ с дълъг ръкав,,"Tricou dama, cu manera lunga"
t shirt,тениска,,Tricou
short sleeve run t shirt ladies,Дамска спортна тениска,,"Tricou sport, pentru femei"
crop t shirt ladies,Дамска тениска изрязана,,"Tricou taiat, pentru femei"
Long sleeve t shirt ladies,Дамска блуза с дълъг ръкав,,Bluza cu maneca lunga
t-shirt ladies,Дамска тениска,,Tricou dama
tee ladies,Дамска тениска,,Tricou dama
t-shirt,Тениска,,Tricou
short sleeve running t shirt ladies,Дамска спортна тениска,,"Tricou sport cu maneca scurta, de dama"
short sleeve top ladies,Дамски спортен топ,,"Tricou sport cu maneca scurta, de dama"
long sleeve running t shirt ladies,Дамско горнище с дълъг ръкав,,"Tricou de alergat, cu maneca lunga, de dama"
crew neck sweatshirt ladies,Дамски суитчър,,Bluza sport dama
v neck tee,Дамска тениска с шпиц деколте,,"Tricou cu decolteu in V, dama"
organic long sleeve outdoor t shirt ladies,Дамско горнище с дълъг ръкав с органичен памук,,"Tricou din bumbac organic, cu maneca lunga, femei"
tank top ladies,Дамски потник,,Maieu dama
tank vest ladies,Дамски потник,,Maieu dama
racer vest ladies,Дамски потник,,Maieu dama
vest womens,Дамски потник,,Maieu dama
vest ladies,Дамски потник,,Maieu dama
tank top womens,Дамски потник,,Maieu dama
tank top,Потник,,Maieu
pyjama set,Пижама комплект 2 части,,Set pijama 2 piese
short pyjama set,Лятна пижама 2 части,,Set pijama de vara 2 piese
Pyjama set ladies,Дамска пижама 2 части,,"Pijama dama, 2 piese"
hooded robe ladies,Дамски халат с качулка,,"Halat cu gluga, pentru femei"
two pack nightdress,Дамска вечерня рокля 2 броя,,Set 2 camasi de noapte
robe ladies,Дамски халат,,Halat femei
Pyjama trousers,Долнище на пижама,,Pantaloni de pijama
pyjama top,Горнище на пижама,,Bluza de pijama
nightdress,Нощница,,Camasa de noapte
pj set ladies,Дамска пижама 2 части,,Set 2 piese de pijama
satin robe,Сатенен халат,,Halat din satin
satin pj set,Дамска пижама сатен 2 части,,Set 2 piese pijama din satin
onesie,"Дамска цял гащеризон ""Onesie""",,"Pijama dama, tip salopeta"
2 pack night dress ladies,Дамска нощница 2 броя в комплект,,Set 2 camasi de noapte
bridal nightdress ladies,Булчинска нощница,,Pijamale mireasa
Bridal robe ladies,Булчински халат,,Halat mireasa
bridal short pyjama set ladies,Булчинска пижама 2 части,,Set 2 piese pijamale mireasa
pack invisible socks ladies,чифта дамски чорапи тип терлици,,"Sosete scurte, dama"
pack polka dot socks ladies,чифта дамски чорапи цветни,,Sosete Polka femei
pack bamboo invisible socks ladies,чифта дамски чорапи от бамбук тип терлици,,"Sosete scurte din bumbac, pentru femei"
pack marl socks ladies,чифта дамски чорапи,,Sosete dama
pack color socks ladies,чифта дамски чорапи цветни,,Sosete colorate dama
pack crew socks ladies,чифта дамски чорапи,,Sosete dama
three pack socks womens,3 чифта дамски чорапи,,Set 2 perechi sosete dama
pack trainer socks ladies,чифта дамски чорапи за спорт,,"Sosete sport, dama"
pack wool socks ladies,чифта вълнени дамски чорапи,,"Sosete din lana, pentru femei"
pack plain socks ladies,чифта дамски чорапи,,Sosete dama
pack crew socks,чифта чорапи,,Sosete
pack wool blend socks ladies,чифта дамски вълнени чорапи,,"Sosete din lana, pentru femei"
three pack ankle socks womens,"Дамски чорапи до глезена, 3 чифта",,"Set 3 perechi sosete pana scurte, de dama"
formal socks 3 pack ladies,"Дамски официални чорапи, 3 чифта",,Set 3 perechi sosete pentru femei
pack fashion socks ladies,чифта дамски чорапи,,Sosete dama
toe socks ladies,Дамски чорапи с пръсти,,"Sosete cu degete, dama"
pack leisure socks ladies,чифта дамски чорапи,,Sosete dama
pack maple socks ladies,чифта дамски чорапи,,Sosete dama
trainer socks 5 pack ladies,"Дамски спортни чорапи, 5 чифта",,"Set 5 perechi sosete sport, dama"
formal socks 7 pack ladies,"Дамски официални чорапи, 7 чифта",,"Set 7 perechi sosete, dama"
socks womens,Дамски чорапи,,Sosete dama
socks ladies,Дамски чорапи,,Sosete pentru femei
pack running socks ladies,чифта спортни дамски чорапи,,Sosete sport dama
juniors trainers,детски маратонки,,Adidasi copii
junior indoor court shoes,Детски маратонки за спорт на закрито,,Adidasi de teren sintetic pentru copii
infant pool shoes,Детски обувки за басейн,,Pantofi piscina pentru copii
intants trainers,Детски обувки,,Pantofi pentru copii
Lo shoes unisex juniors,Детски кецове унисекс,,"Pantofi sport copii, unisex"
sliders juniors,Детски джапанки,,Slapi pentru copii
childrens trainers,Детски обувки,,Pantofi pentru copii
Infants traniers,Детски обувки,,Incaltaminte pentru copii
Low junior traniers,Детски кецове,,Tenisi pentru copii
slip on infant shoes,Детски обувки без връзки,,"Pantofi fara siret, pentru copii"
childrens sandals,Детски сандали,,Sandale pentru copii
childrens aqua water shoes,Детски обувки за вода,,"Pantofi de apa, copii"
trainers junior boys,Детски маратонки за момчета,,"Adidasi pentru copii, baieti"
childrens full slippers,Детски чехли,,pantofi de casa pentru copii
childrens sliders,Детски джапанки,,Slapi pentru copii
lace shoes boys,Обувки за момчета,,Pantofi pentru baieti
junior trainers,Детски обувки,,Pantofi pentru copii
childrens basketball trainers,Детски маратонки за баскетбол,,Incaltaminte de baschet pentru copii
junior waterproof walking shoes,Детски водонепропусливи обувки,,Ghete impermeabile pentru copii
flip flops juniors,Детски джапанки,,Slapi pentru copii
Junior FG footbal boots,Детски футболни обувки,,Ghete de fotbal pentru copii
swim sandals infants boys,Детски сандали за момче,,"Sandale pentru copii, pentru baieti"
childrens walking boots,Детски туристически обувки,,Pantofi de drumetie copii
child boys trainers,Детски маратонки за момчета,,"Adidasi pentru copii, baieti"
trainers infant boys,Детски маратонки за момчета,,Pantofi sport pentru copii baieti
junior boys trainers,Детски маратонки за момчета,,Pantofi sport pentru copii baieti
junior boys skate shoes,Детски кецове за момчета,,Pantofi sport pentru copii baieti
junior snow joggers,Детски апрески,,Cizme pentru copii
infants wellies,Детски гумени ботуши,,Cizme de cauciuc pentru copii
junior sliders,Детски джапанки,,Slapi copii
infant rock shoes,Детски обувки за скала,,Ghete catarare pentru copii
trainers child boys,Детски обувки за момче,,"Pantofi pentru copii, baieti"
childrens boots,Детски боти,,Ghete copii
Infant/todler shoe,Обувки за малки деца,,Pantofi pentru bebelusi/ copii
low junior cycling shoes,Детски обувки за колоездене,,Pantofi ciclism copii
childrens canvas pumps,Детски кецове,,Tenisi pentru copiii
pant juniors,Детски панталони,,Pantaloni pentru copii
fleece jogger pants juniors,Детски спортен панталон,,Pantaloni sport pentru copii
three quarter jogging pants junior girls,Детски спортен панталон за момиче три четвърти,,"Pantaloni sport trei sferturi pentru copii, fata"
jogging bottoms junior girls,Детски спортен панталон за момиче,,"Pantaloni sport pentru copii, fata"
joggers junior girls,Детски спортен панталон за момиче,,"Pantaloni sport pentru copii, fata"
joggers junior boys,Детски спортен панталон за момче,,"Pantaloni sport pentru copii, baieti"
fleece pant junior,Детски панталони,,Pantaloni pentru copii
track pants girls,Детски спортен панталон за момиче,,Pantaloni sport pentru fata
jogging pants junior boys,Детски спортен панталон за момче,,Pantaloni sport pentru baieti
joggers junior,Детски спортни панталони,,Pantaloni sport pentru copii
fleece pants unisex childs,Детски панталони унисекс,,"Pantaloni sport pentru copii, unisex"
bottoms junior boys,Детски панталони за момче,,"Pantaloni pentru copii, baieti"
sweatpants junior boys,Детско долнище на анцуг за момче,,Pantaloni trening pentru baieti
pants junior girls,Детски панталони за момиче,,Pantaloni trening pentru fetite
fleece joggers juniors,Детски спортни панталони,,Pantaloni sport pentru copii
jog pants girls,Детски спортни панталони за момиче,,Pataloni sport pentru fetite
jogging bottoms girls,Детски анцуг за момиче,,"Pataloni sport pentru copii, fata"
pants juniors,Детски панталони,,Pantaloni copiii
boys joggers,Детски спортен панталон,,"Pantaloni trening, pentru copii"
leggings junior girls,Детски клин за момиче,,"Colanti pentru copii, fetite"
high waisted leggings infant girls,Детски клин за момиче с висока талия,,"Colanti cu talie inalta, pentru fetite"
girls miso leggings,Детски клин за момиче,,Colanti pentru fetite
leggings girls,Детски клин за момиче,,Colanti pentru fetite
leggings child girls,Детски клин за момиче,,Colanti pentru fetite
leggings junior girls,Детски клин за момиче,,Colanti pentru fetite
leggings infant girls,Детски клин за момиче,,"Colanti pentru copii, fete"
2 pack print leggings baby girls,"Бебешки клин за момиче, 2 броя",,"Set 2 buc colanti bebelusi, fata"
plain polo shirt junior,Изчистена детска тениска с яка,,"Tricou simplu cu guler, pentru copii"
stripe polo shirt junior boys,"Детска тениска с яка, райета за момче",,"Tricou in dungi si cu guler, pentru baieti"
polo shirt junior boys,Детска тениска с яка за момче,,"Tricou cu guler, pentru baieti"
Polo shirt infant boys,Детска тениска с яка за момче,,"Tricou cu guler, pentru baieti"
Long sleeve polo shirt junior boys,Детска блуза с дълъг ръкав и яка за момче,,Bluza cu maneca lunga si cu guler pentru baieti
polo shirt girls,Детска поло тениска,,"Tricou polo, pentru fetite"
polo junior boys,Детска тениска с яка за момче,,"Tricou cu guler, pentru copii, baieti"
Long sleeve check shirt junior boys,Детска карирана риза с дълъг ръкав за момче,,"Camasa in carouri cu maneca lunga, baieti"
check shirt baby boys,Бебешка карирана риза за момче,,"Camasa in carouri cu maneca lunga, bebelusi/ baietei"
denim shirts infant boys,Детска деним риза за момче,,"Camasa denim, pentru baieti"
Ebroided shirt junior girls,Детска риза с бродерия за момиче,Παιδικό κεντημένο πουκάμισο για  κορίτσι,"Camasa cu broderie, pentru fata"
Long sleeve shirt junior boys,Риза с дълъг ръкав за момче,Πουκάμισο μακρυμάνικο για αγόρι,"Camasa cu maneca lunga, baieti"
long sleeve checked shirt junior boys,Карирана риза с дълъг ръкав за момче,Πουκάμισο καρώ μακρυμάνικο για αγόρι,"Camasa in carouri cu maneca lunga, baieti"
check shirt infant boys,Детска риза за момче,Παιδικό πουκάμισο για αγόρι,Camasa pentru baieti
check long sleeve shirt junior boys,Детска карирана риза с дълъг ръкав за момче,Παιδικό πουκάμισο μακρυμάνικο για αγόρι,"Camasa in carouri cu maneca lunga, baieti"
flannel shirt boys,Детска блуза,Παιδική μπλούζα,Bluza pentru copii
flannel shirt junior boys,Детска блуза за момче,Παιδική μπλούζα για αγόρι,"Bluza pentru copii, baieti"
short sleeve check shirt junior boys,Детска карирана риза с къс ръкав за момче,Παιδικό πουκάμισο με κοντό μανίκι  για αγόρι,Camasa in carouri cu maneca scurta pentru baieti
woven shirt junior boys,Детска вълнена риза за момче,Παιδικό πουκάμισο μακρυμάνικο για αγόρι,Camasa din lana pentru baieti
baby feed bottle,Бебешко шише за хранене,Μπουκάλι θηλασμού ,Biberon pentru bebelusi
shorts junior,Детски къси панталони,Παιδικό σορτς,Pantaloni scurti pentru copii
woven shorts junior girls,Детски вълнени къси панталони за момиче,Παιδικό σορτς για κορίτσια (χοντρό ύφασμα) ,"Pantaloni scurti din lana, pentru fetite"
woven shorts girls,Детски вълнени къси панталони за момиче,Παιδικό σορτς για κορίτσια (χοντρό ύφασμα) ,"Pantaloni scurti din lana, fetite"
shorts junior boys,Детски къси панталони за момче,Παιδικό σορτς για αγόρι,Pantaloni scurti pentru fetite
shorts junior girls,Детски къси панталони за момиче,Παιδικό σορτς για κορίτσια,Pantaloni scurti pentru fetite
jogging bottoms junior girls,Детски анцуг за момиче,Παιδικό  παντελόνι φόρμας  για κορίτσι ,pantaloni sport pentru fetite
shorts infant girls,Детски къси панталони за момиче,Παιδικό σορτς για κορίτσια,Pantaloni scurti pentru fetite
fleece shorts junior boys,Детски къси панталони за момче,Παιδικό σορτς για αγόρι,Pantaloni scurti pentru baieti
football shorts junior,Детски къси панталони за футбол,Ποδοσφαιρικό σορτς,Pantaloni scurti de fotbal pentru copii
playsuit infant girls,Детски гащеризон за момиче,Ολόσωμο Κορμάκι,Salopeta pentru fete
fleece short infant boys,Детски къси панталони за момче,Παιδική βερμούδα για αγόρι,Pantaloni scurti pentru baietei
training short girls,Детски спортни къси панталони за момиче,Παιδική βερμούδα για κορίτσι,Pantaloni scurti sport pentru fetite
training shorts junior boys,Детски спортни къси панталони за момче,Παιδική βερμούδα για αγόρι,Pantaloni scurti sport pentru baieti
full zip hoody junior,Детски суитчър с качулка и цип,Παιδικό φούτερ με κουκούλα και φερμουάρ,Hanorac cu gluga si fermoar pentru copii
sweater junior boys,Детски суитчър за момче,Παιδικό φούτερ για αγόρι,Hanorac pentru baieti
quarter zip OTH hoody junior boys,Детски суитчър с качулка,Παιδικό φούτερ με κουκούλα,Hanorac cu gluga pentru copii
sleeveless funnel top junior girls,Детско горнище без ръкави за момиче,Κοριτσίστικη αμάνικη μπλούζα,Hanorac fara maneci fata
jumper junior boys,Детска блуза за момче,Παιδική  μπλούζα για αγόρι,Bluza pentru fetite
sweater junior girls,Детски суитчър за момиче,Παιδικό φούτερ για κορίτσι ,Hanorac pentru fetite
sweatshirt junior boys,Детски суитчър за момче,Παιδικό φούτερ για αγόρι,Hanorac pentru baieti
sweater infant boys,Детски суитчър за момче,Παιδικό φούτερ για αγόρι,Hanorac pentru baietei
football top junior boys,Детска футболна фланелка за момче,Παιδική κοντομάνικη ποδοσφαιρική μπλούζα,Hanorac de fotbal pentru baiat
sweatshirt junior girls,Детски суитчър за момиче,Παιδικό φούτερ για κορίτσι ,Hanorac pentru fete
sweater top infant girls,Детско горнище за момиче,Παιδικό φούτερ για κορίτσι ,Hanorac pentru fetite
sweatshirt junior,Детски суитчър,Παιδικό φούτερ,Hanorac pentru copii
three quarter pants junior boys,Детски панталони за момче три четвърти,Παιδικό  παντελόνι 3/4  για αγόρι,"Pantaloni trei sferturi, pentru baieti"
three quarter interlocked pants junior girls,Детски панталони за момиче три четвърти,Παιδικό  παντελόνι 3/4  για κορίτσι ,"Pantaloni trei sferturi, pentru fete"
three quarter track pants junior boys,Детски спортни панталони за момче три четвърти,Παιδικό αθλητικό παντελόνι 3/4  για αγόρι ,Pantaloni sport trei sferturi pentru baieti
tracksuit bottoms junior,Детско долнище на анцуг,Παιδικό  παντελόνι φόρμας,Pantaloni trening pentru copii
woven pants girls,Детски панталони за момиче с вълна,Παντελόνι παιδικό (χοντρό ύφασμα) για κορίτσι ,Pantaloni din lana pentru fete
tracksuit pants junior boys,Детско долнище на анцуг за момче,Παιδικό  παντελόνι φόρμας  για αγόρι ,Pantaloni sport pentru baieti
tracksuit bottoms boys,Детско долнище на анцуг за момче,Παιδικό  παντελόνι φόρμας  για αγόρι ,Pantaloni trening pentru baieti
jogging pants junior boys,Детско долнище на анцуг за момче,Παιδικό  παντελόνι φόρμας  για αγόρι ,Pantaloni trening pentru baieti
jog pants junior,Детски спортни панталони,Παιδικό  παντελόνι φόρμας,Pantaloni sport pentru copii
woven pants infant boys,Детски пантални за момче с вълна,Παντελόνι παιδικό (χοντρό ύφασμα) για αγόρι ,Pantaloni din lana pentru baieti
track pants junior,Детско долнище на анцуг,Παιδικό  παντελόνι φόρμας,pantaloni trening copii
training tracksuit bottoms boys,Детско долнище на анцуг за момче,Παιδικό  παντελόνι φόρμας  για αγόρι ,pantaloni trening baieti
track pants juniors boys,Детско долнище на анцуг за момче,Παιδικό  παντελόνι φόρμας  για αγόρι ,pantaloni trening baieti
jogging pants child boys,Детско долнище на анцуг за момче,Παιδικό  παντελόνι φόρμας  για αγόρι ,pantaloni trening baieti
tracksuit bottoms childrens,Детско долнище на анцуг,Παιδικό  παντελόνι φόρμας,pantaloni trening copii
track pop pants junior girls,Детско долнище на анцуг за момиче,Παιδικό  παντελόνι φόρμας  για κορίτσι ,pantaloni trening fete
soccer pants,Детско долнище на анцуг за футбол,Παιδικό ποδοσφαιρικό παντελόνι φόρμας,Pantaloni de fotbal pentru copii
3 piece set baby girls,Комплект 3 части за бебе момиче,Βρεφικό Σετ 3 τμχ για κορίτσι ,Set 3 piese pentru fetite
3 piece jogger set infant boys,Детски комплект 3 части за момче,Παιδικό Σετ 3 τμχ για αγόρι ,Set 3 piese pentru baietei
jogging set infant boys,Детски анцуг за момче,Παιδική αθλητική φόρμα για αγόρι ,Pantaloni trening baietei
jogging set infant girls,Детски анцуг за момиче,Παιδική αθλητική φόρμα για κορίτσι ,Pantaloni trening fetite
jogger suit junior boys,Детски анцух за момче,Παιδική αθλητική φόρμα για αγόρι ,Pantaloni trening baieti
3 piece jacket girls infant,Детски комплект 3 части за момиче,Παιδικό Σετ 3 τμχ για κορίτσι ,Set 3 piese pentru fetite
tracksuit unisex juniors,Детски спортен екип,Παιδική αθλητική φόρμα ,Compleu sport copii unisex
3 piece fleece set baby girls,Комплект 3 части за бебе момиче,Βρεφικό Σετ 3 τμχ για κορίτσι ,"Set 3 piese pentru bebelusi, baietei"
tracksuit junior boys,Детски спортен екип за момче,Παιδική αθλητική φόρμα για αγόρι ,Compleu sport baieti
3 piece set babies,Комплект 3 части за бебе,Βρεφικό Σετ 3 τμχ,Set 3 piese bebelusi
3 piece jogger set infant girls,Детски комплект 3 части за момиче,Παιδικό Σετ 3 τμχ για κορίτσι ,Set 3 piese pentru bebelusi fetite
3 piece jogging set infant boys,Детски комплект 3 части за момче,Παιδικό Σετ 3 τμχ για αγόρι ,Set 3 piese pentru bebelusi baietei
Jog set infants,Детски анцуг,Παιδική αθλητική φόρμα ,Compleu trening copii
fleece tracksuit infant boys,Детски анцуг за момче,Παιδική αθλητική φόρμα για αγόρι ,Compleu trening pentru baietei
tracksuit junior girls,Детски анцуг за момиче,Παιδική αθλητική φόρμα για κορίτσι ,Compleu trening pentru fete
tracksut set girls,Детски анцуг за момиче,Παιδική αθλητική φόρμα για κορίτσι ,Compleu trening pentru fete
3 piece baseball set baby,Комплект 3 части за бебе,Βρεφικό Σετ 3 τμχ,Compleu 3 piese pentru bebelusi
track suit infant boys,Детски спортен анцуг за момче,Παιδική αθλητική φόρμα για αγόρι ,Compleu trening pentru baietei
jegging pants babies,Бебешки джегингси,Βρεφικό Παντελόνι,Jegging bebelusi
golf tousers junior,Детски панталони за голф,Παιδικό παντελόνι για γκολφ,Pantaloni de golf pentru copii
trousers junior girls,Детски панталони за момиче,Παιδικό παντελόνι για κορίτσι ,Pantaloni pentru fete
chino juniors,Детски чино панталони,Παιδικό παντελόνι,Pantaloni chino pentru baieti
trousers junior boys,Детски панталони за момче,Παιδικό παντελόνι για αγόρι ,Pantaloni pentru baieti
Skinny chinos junior,Детски чино панталони вталени,Παιδικό παντελόνι,Pantaloni chino skinny pentru copii
trousers junior,Детски панталони,Παιδικό παντελόνι,Pantaloni copiii
Pants infants,Детски панталони,Παιδικό παντελόνι ,Pantaloni copiii
jeans juniors,Детски дънки,Παιδικό τζιν,Blugi copii
t-shirt infant girls,Детска тениска за момиче,Παιδικό T-shirt για κορίτσι ,Tricou pentru bebelusi fetite
t-shirt junior boys,Детска тениска за момче,Παιδικό T-shirt για αγόρι ,Tricou pentru baieti
t shirt junior boys,Детска тениска за момче,Παιδικό T-shirt για αγόρι ,Tricou pentru baieti
t shirt junior,Детска тениска,Παιδικό T-shirt,Tricou pentru copii
junior tee,Детска тениска,Παιδικό T-shirt,Tricou pentru copii
t shirt infant girls,Детска тениска за момиче,Παιδικό T-shirt για κορίτσι ,Tricou pentru bebelusi fetite
t shirt infant boys,Детска тениска за момче,Παιδικό T-shirt για αγόρι ,Tricou pentru bebelusi baietei
long sleeve t shirt boys,Детска блуза с дълъг ръкав за момче,Μακρυμάνικη μπλούζα για αγόρι,Bluza cu maneca lunga baieti
long sleeve t-shirt boys,Детска блуза с дълъг ръкав за момче,Μακρυμάνικη μπλούζα για αγόρι,Bluza cu manea lunga pentru baieti
v neck t shirt junior girls,"Детска тениска за момиче, шпиц деколте",Παιδικό T-shirt  «βε» ντεκολτέ,"Tricou cu decolteu in V, pentru fete"
t shirt junior,Детска тениска,Παιδικό T-shirt,Tricou pentru copii
tee junior girls,Детска тениска за момиче,Παιδικό T-shirt για κορίτσι ,Tricou pentru fete
long sleeve t-shirt junior girls,Детска блуза с дълъг ръкав за момиче,Μακρυμάνικη μπλούζα για κορίτσι,Bluza cu maneca lunga pentru fete
Long sleeve top infant girls,Детско горнище с дълъг ръкав за момиче,Μακρυμάνικη μπλούζα για κορίτσι,Bluzita cu maneca lunga pentru fetite
short sleeve t shirt infant girls,Детска тениска без ръкав за момиче,Παιδικό αμάνικο φανελάκι  για κορίτσι ,Tricou fara maneci pentru fetite
short sleeve t shirt junior boys,Детска тениска без ръкав за момче,Παιδικό αμάνικο φανελάκι για αγόρι,Tricou fara maneci pentru baieti
t shirt unisex infant,Детска тениска унисекс,Παιδικό T-shirt,Tricou copii unisex
t shirt girls,Детска тениска за момиче,Παιδικό T-shirt για κορίτσι ,Tricou copii pentru fetite
training jersey top boys,Детско спортно горнище за момче, Μπλούζα φούτερ  για αγόρι,Tricou fete
vest junior girls,Детски потник за момиче,Παιδικό φανελάκι  για κορίτσι ,Maieu pentru fete
2 piece jersey vests infant girls,Комплект 2 детски потника за момиче,Παιδικά Φανελάκια (2τμχ),Set 2 maieuri pentru fetite
vest infant boys,Детски потник за момче,Παιδικό φανελάκι για αγόρι ,Maieu pentru baietei
sleeveless t shirt junior boys,Детски потник за момче,Παιδικό φανελάκι για αγόρι ,Maieu pentru baieti
tank vest junior girls,Детски потник за момиче,Παιδικό φανελάκι  για κορίτσι ,Maieu pentru fete
vest junior boys,Детски потник за момче,Παιδικό φανελάκι για αγόρι ,Maieu pentru baieti
sleeveless t shirt infant boys,Детски потник за момче,Παιδικό φανελάκι για αγόρι ,Maieu pentru baieti
2 piece jersey vests junior girls,Комплект 2 детски потника за момиче,Παιδικά Φανελάκια (2τμχ),Set 2 maieuri pentru fete
tank top junior girls,Детски потник за момиче,Παιδικό φανελάκι  για κορίτσι ,Maieu pentru fete
tank top junior boys,Детски потник за момче,Παιδικό φανελάκι για αγόρι ,Maieu pentru baieti
vest junior girls,Детски потник за момиче,Παιδικό φανελάκι  για κορίτσι ,Maieu pentru baieti
sleeveless t shirt,Потник,Φανελάκι ,Maieu
Junior waterproof jacket,Детско водоустойчиво яке,Παιδικό αδιάβροχο μπουφάν ,Geaca impermeabila copii
jacket infant,Детско яке,Βρεφικό μπουφάν ,Geaca pentru copii
Waterproof suit infants,Детски водонепропусклив костюм,Παιδικό ολόσωμο αδιάβροχο,Costum impermeabil copii
wateproof jacket junior boys,Детско водонепропускливо яке за момче,Παιδικό αδιάβροχο μπουφάν για αγόρι ,Geaca impermeabila pentru baieti
wateproof jacket junior girls,Детско водонепропускливо яке за момиче,Παιδικό αδιάβροχο μπουφάν για κορίτσι ,Geaca impermeabila pentru fete
waterproof jacket junior,Детско водонепропускливо яке,Παιδικό Αδιάβροχο Μπουφάν,Geaca impermeabila pentru copii
Hoody baby girls,Бебешко горнище с качулка,Βρεφική μπλούζα φούτερ με κουκούλα,Hanorac cu gluga bebelusi fetite
full zip hoody junior boys,Детско горнище с качулка и цип за момче,Παιδικό φούτερ  με κουκούλα και φερμουάρ  για αγόρι ,Hanorac cu gluga si fermoar pentru baieti
full zipped hoody junior,Детско горнище с качулка и цип за момче,Παιδικό φούτερ  με κουκούλα και φερμουάρ  για αγόρι ,Hanorac cu gluga si fermoar pentru baieti
full zip hoodie infant boys,Детско горнище с качулка и цип за момче,Παιδικό φούτερ  με κουκούλα και φερμουάρ  για αγόρι ,Hanorac cu gluga si fermoar bebelusi baietei
full zip hoody junior,Детско горнище с качулка и цип,Παιδικό φούτερ  με κουκούλα και φερμουάρ ,Hanorac cu gluga si fermoar pentru copii
zip hoody junior boys,Детско горнище с качулка и цип за момче,Παιδικό φούτερ  με κουκούλα και φερμουάρ  για αγόρι ,Hanorac cu gluga si fermoar pentru baieti
full zip hoody junior girls,Детско горнище с качулка и цип за момиче,Παιδικό φούτερ  με κουκούλα και φερμουάρ για κορίτσι ,Hanorac cu gluga si fermoar pentru fete
zip hoody junior girls,Детско горнище с качулка и цип за момиче,Παιδικό φούτερ  με κουκούλα και φερμουάρ για κορίτσι ,Hanorac cu gluga si fermoar pentru fete
hoodie juniors,Детско горнище с качулка,Παιδικό φούτερ  με κουκούλα ,Hanorac cu gluga
hoody junior girls,Детско горнище с качулка за момиче,Παιδικό φούτερ  με κουκούλα για κορίτσι ,Hanorac cu gluga pentru fete
zipped hoodie infants,Детско горнище с качулка,Παιδικό φούτερ  με κουκούλα ,Hanorac bebelusi
Jersey dress infant girls,Детска рокля,Παιδικό φόρεμα ,Rochie pentru bebelusi fetite
dress infant girls,Детска рокля,Παιδικό φόρεμα ,Rochie pentru fetite
knite dress set infant girls,Детски комплект рокля и чорапогащник,Φόρεμα με καλσόν,Set bebe rochie si colanti
dress set junior girls,Детски комплект 2 части,Παιδικό φόρεμα που αποτελείται απο 2 κομμάτια,Set 2 piese fete
skirt junior girls,Детска поличка,Παιδική φούστα,Fusta fetite
hoody dress infant girls,Детска рокля с качулка, Παιδικό φόρεμα με κουκούλα,Rochie cu gluga pentru fetite
dress junior girls,Детска рокля, Παιδικό φόρεμα,Rochie fete
denim mini skirt junior girls,Детска дънкова пола, Παιδική τζιν φούστα,Fusta denim fete
dress and leggings set baby girls,Комплект рокля и чорапогащник за момиче, Φόρεμα με καλσόν για κορίτσι ,Set rochie si colanti pentru bebe fetite
floral dress,Рокля с флорални мотиви,Φλοράλ φόρεμα,Rochie cu imprimeu floral
coloured dress,Цветна рокля, Φόρεμα,Rochie colorata
belted skinny jeans junior boys,Детски дънки вталени за момче с колан,Παιδικό τζιν  για αγόρι με ζώνη,Blugi skinny baieti
skinny jeans junior girls,Детски дънки за момиче вталени,Παιδικό τζιν  για κορίτσια,Blugi skinny fete
skinny jeans juniors,Детски дънки вталени,Παιδικό τζιν,Blugi skinny copii
trousers infant girls,Детски панталони за момиче,Παιδικό παντελόνι για κορίτσια,Pantaloni pentru fete
jeans junior boys,Детски дънки за момче,Παιδικό τζιν  για αγόρι,Blugi pentru baieti
skinny jeans boys,Детски дънки за момче вталени,Παιδικό τζιν  για αγόρι,Blugi skinny pentru baieti
skinny jeans infant girls,Детски дънки за момиче вталени,Παιδικό τζιν  για κορίτσια,Blugi skinny pentru fetite
skinny jeans junior girls,Детски дънки за момиче вталени,Παιδικό τζιν  για κορίτσια,Blugi skinny pentru fete
jeans infant boys,Детски дънки за момче,Παιδικό τζιν  για αγόρι,Blugi pentru bebe baietei
padded coat infant girls,Детско палто за момиче,Παιδικό παλτό  για κορίτσια,Palton pentru baietei
rain jacket junior,Детско яке за дъжд,Παιδικό αδιάβροχο μπουφάν ,Geaca de ploaie pentru copii
denim jacket infant girls,Детско дънково яке за момиче,Τζιν τζάκετ για κορίτσια,Jacheta denim pentru fetite
bubble jacket infant boys,Детско яке за момчета,Παιδικό μπουφάν για Αγόρια,Geaca pentru baietei
two zip bubble jacket junior girls,Детско яке за момиче,Παιδικό Μπουφάν για Κορίτσια,Geaca cu doua fermoare pentru fete
padded coat infant boys,Детско яке за момчета,Παιδικό μπουφάν για Αγόρια,Geaca pentru baietei
gilet junior girls,Детски елек за момиче,Παιδικό αμάνικο μπουφάν για κορίτσι,Vesta pentru fete
Snowsuit,Космонавт,Ολόσωμη Φόρμα Snow,Combinezon
bubble jacket junior girls,Детско яке за момиче,Παιδικό Μπουφάν για Κορίτσια,Jacheta pentru fete
bubble jacket infant girls,Детско яке за момиче,Παιδικό Μπουφάν για Κορίτσια,Jacheta pentru fetite
parka junior girls,Детска парка за момиче,Παιδικό παρκά για κορίτσι,Parka pentru fete
gilet junior boys,Детски елек за момче,Παιδικό αμάνικο μπουφάν για αγόρι,Vesta pentru baieti
snowsuit infants,Детски космонавт,Παιδική Ολόσωμη Φόρμα Snow,Combinezon pentru bebelusi
fur coat infant girls,Детско пухено палто за момиче,Παλτό για Κορίτσι,Palton din blana pentru fetite
jacket juniors,Детско яке,Παιδικό Μπουφάν,Geaca copii
Jacket junior boys,Детско яке за момчета,Παιδικό μπουφάν για Αγόρια,Geaca pentru baieti
jacket junior girls,Детско яке за момиче,Παιδικό Μπουφάν για Κορίτσια,Geaca pentru fete
Denim jacket infant boys,Детско дънково яке за момче,Τζιν μπουφάν  για Αγόρια,Jacheta denim baietei
bomber jacket infant girls,Детско яке за момиче,Παιδικό Μπουφάν για Κορίτσια,Geaca pentru fetite
bomber jacket junior girls,Детско яке за момиче,Παιδικό Μπουφάν για Κορίτσια,Geaca pentru fete
parka coat infant girls,Детска парка за момиче,Παιδικά Παρκά για Κορίτσια,Geaca parka fetite
Poncho junior girls,Детско пончо за момиче,Παιδική κάπα για κορίτσια ,Poncho fete
padded jacket baby boys,Бебешко яке за момче,Βρεφικό Μπουφάν για Αγόρια,Geaca pentru bebelusi baieti
padded jacket junior girls,Детско яке за момиче,Παιδικό μπουφάν για Κορίτσια,Geaca pentru fete
padded jacket junior boys,Детско яке за момчета,Παιδικό μπουφάν για Αγόρια,Geaca pentru baieti
crew socks,Чорапи,Κάλτσες,Sosete
pack,чифта,? τμχ.,Pereche
childrens,детски,Παιδικές Κάλτσες,Pentru copii
Junior,детски,Παιδικές Κάλτσες,Pentru copii
quarter socks,къси чорапи,Κοντές κάλτσες,Sosete scurte
Infant wellies,Детски гумени ботуши,Παιδικές Γαλότσες,Cizme de cauciuc pentru copiii
wellington boots,Гумени ботуши, Γαλότσες,Cizme de cauciuc
infants wellies,Детски гумени ботуши,Παιδικές Γαλότσες,Cizme de cauciuc pentru copiii
tall junior wellies,Високи детски гумени ботуши,Παιδικές Γαλότσες Ψηλές ,Cizme inalte de cauciuc pentru copiii
wellington boots child boys,Детски гумени ботуши за момче,Παιδικές Γαλότσες  για Αγόρια,Cizme de cauciuc pentru baieti
wellingtons unisex infants,Детски гумени ботуши унисекс,Παιδικές Γαλότσες,"Cizme de cauciuc pentru copiii, unisex"
Welly,Гумени ботуши, Γαλότσες,Cizme de cauciuc
junior wellingtons,Детски гумени ботуши,Παιδικές Γαλότσες,Cizme de cauciuc pentru copiii
childrens wellington boots,Детски гумени ботуши,Παιδικές Γαλότσες,Cizme de cauciuc pentru copiii
Infants wellington boots,Детски гумени ботуши,Παιδικές Γαλότσες,Cizme de cauciuc pentru copiii
childrens aqua water shoes,Детски обувки за плаж,Παιδικά Παπούτσια Θαλάσσης ,Pantofi de plaja pentru copii
junior aqua water shoes,Детски обувки за плаж,Παιδικά Παπούτσια Θαλάσσης ,Pantofi de plaja pentru copii
childs rock shoes,Детски обувки за плаж,Παιδικά Παπούτσια Θαλάσσης ,Pantofi de plaja pentru copii
infants sandals,Детски сандали,Παιδικά Πέδιλα,Sandale pentru bebelusi
junior water shoes,Детски обувки за плаж,Παιδικά Παπούτσια Θαλάσσης ,Pantofi de piscina pentru copii
juniors trainers,Детски маратонки,Παιδικά Αθλητικά Παπούτσια ,Adidasi copii
trainers infant girls,Детски маратонки за момиче,Παιδικά Αθλητικά Παπούτσια  για Κορίτσια ,Pantofi sport pentru bebelusi fetite
junior indoor court shoes,Детски спортни обувки за закрити помещения,Παιδικά Αθλητικά Παπούτσια  για αίθουσα,Pantofi sport pentru copii
girls trainers,Детски маратонки за момиче,Παιδικά Αθλητικά Παπούτσια  για Κορίτσια ,Pantofi sport pentru fete
child girls trainers,Детски маратонки за момиче,Παιδικά Αθλητικά Παπούτσια  για Κορίτσια ,Adidasi sport fete
infant/todler shoe,Детски обувки за малки деца,Βρεφικά Παπούτσια,Incaltaminte pentru copii si bebelusi
Infants trainers,Детски маратонки,Παιδικά Αθλητικά Παπούτσια ,Adidasi pentru bebelusi
childrens trainers,Детски маратонки,Παιδικά Αθλητικά Παπούτσια ,Adidasi pentru copii
traniers junior girls,Детски маратонки за момиче,Παιδικά Αθλητικά Παπούτσια  για Κορίτσια ,Papuci sport pentru fete
trainers junior boys,Детски маратонки за момче,Παιδικά Αθλητικά Παπούτσια  για Αγόρια,Papuci sport pentru baieti
trainers child boys,Детски маратонки за момче,Παιδικά Αθλητικά Παπούτσια  για Αγόρια,Papuci sport pentru copii
childrens basketball shoes,Детски обувки за баскетбол,Παιδικά Παπούτσια Μπάσκετ,Ghete baschet pentru copii
child boys trainers,Детски маратонки за момче,Παιδικά Αθλητικά Παπούτσια  για Αγόρια,Adidasi pentru baieti
junior boys skate shoes,Детски кецове за момче,Παιδικά Sneakers για Αγόρια,Tenisi pentru baieti
kids trainers,Детски маратонки,Παιδικά Αθλητικά Παπούτσια ,Adidasi pentru copii
childrens hi top trainers,Детски маратонки високи,Παιδικά Αθλητικά Παπούτσια Ψηλά,Adidasi sport inalti pentru copii
wheeled skate shoes,Детски кецове с колелца,Παιδικά Sneakers με ροδάκια,Pantofi cu rotile pentru copii 
trainers child girls,Детски маратонки за момиче,Παιδικά Αθλητικά Παπούτσια  για Κορίτσια ,Pantofi sport pentru fete
skate shoes junior boys,Детски кецове за момче,Παιδικά Sneakers για Αγόρια,Tenisi pentru baieti
junior boys running shoes,Детски спортни обувки за момче,Παιδικά Αθλητικά Παπούτσια  για Αγόρια,Pantofi sport pentru baieti
leather junior trainers,Детски кожени маратонки,Δερμάτινα Αθλητικά Παιδικά Παπούτσια,Adidasi din piele pentru copii
infants canvas pumps,Детски кецове,Παιδικά Sneakers,Tenisi copii Converse
trainers junior girls,Детски маратонки за момиче,Παιδικά αθλητικά παπούτσια  για Κορίτσια ,Adidasi canvas fete
Infant canvas shoes,Детски кецове за момиче,Παιδικά Sneakers για Κορίτσια ,Tenisi pentru bebelusi
childrens full slippers,Детски пантофи,Παιδικές Παντόφλες,Slapi pentru copii
girls slippers,Дтески пантофи за момиче,Παιδικές Παντόφλες για Κορίτσια ,Slapi pentru fete
flip flops,Джапанки,Σαγιονάρες,Slapi
childrens sliders,Детски джапанки,Παιδικές Σαγιονάρες,Slapi pentru copii
swim childrens sandals,Детски сандали,Παιδικά Πέδιλα,Papuci inot pentru copii
flip flops juniors,Детски джапанки,Παιδικές Σαγιονάρες,Slapi pentru copii
junior sliders,Детски сандали,Παιδικά Πέδιλα,Sandale pentru copii
Flip flops unisex infants,Детски джапанки унисекс,Παιδικές Σαγιονάρες,"Slapi pentru bebelusi, unisex"
flip flops unisex juniors,Детски джапанки унисекс,Παιδικές Σαγιονάρες,"Slapi pentru copii, unisex"
sliders juniors,Детски джапанки,Παιδικές Σαγιονάρες,Slapi pentru copii
flip flop junior boys,Детски джапанки за момче,Παιδικές Σαγιονάρες για Αγόρια,Slapi pentru baieti
flip flop unisex childrens,Детски джапанки за деца,Παιδικές Σαγιονάρες,"Slapi pentru copii, unisex"
childrens sliders,Детски джапанки,Παιδικές Σαγιονάρες,Slapi copii
flip flops unisex juniors,Детски джапанки Унисекс,Παιδικές Σαγιονάρες,"Slapi pentru copii, unisex"
swim infant girls sandals,Детски сандали за момиче,Παιδικά Πέδιλα για Κορίτσια,Sandale pentru fete
sliders juniors girls,Детски джапанки за момиче,Παιδικές Σαγιονάρες για Κορίτσια,Slapi pentru fete
childrens sandals,Детски сандали,Παιδικά Πέδιλα,Sandale pentru copii
clogs unisex child,Детски кроксове унисекс, Παιδικά Παπουτσάκια Θαλάσσης Crocs,Papuci crocs pentru copii
junior waking boots,Детски туристически боти,Παιδικά ορειβατικά μποτάκια,Ghete de drumetie pentru fete
infant girls boots,Детски боти за момиче,Παιδικές Μπότες για Κορίτσια,Cizme pentru fetite
childrens snow boots,Детски апрески,Παιδικές Μπότες Χιονιού,Ghete de iarna copii
infant boots,Детски боти,Παιδικά Χειμωνιάτικα Παπούτσια,Cizme bebelusi
boots child boys,Детски зимни обувки,Παιδικά Χειμωνιάτικα Παπούτσια,Ghete de iarna pentru baieti
junior boys snow boots,Детски зимни обувки за момче,Παιδικά Χειμωνιάτικα Παπούτσια για Αγόρια,Ghete de iarna pentru baieti
junior boots,Детски зимни обувки,Παιδικά Χειμωνιάτικα Παπούτσια,Cizme pentru copii
child girls boots,Детски боти за момиче,Παιδικές Μπότες για Κορίτσια,Cizme pentru fete
junior boys boots,Детски боти за момче,Παιδικές Μπότες για Αγόρια,Cizme pentru baieti
yoga ball,Йога топка,Μπάλα Γιόγκα,Minge yoga
football,Футболна топка,Μπάλα Ποδοσφαίρου,Minge de fotbal
mini tennis green balls,Мини топки за тенис,Μπαλάκια Mini Golf,Mini mingi de tenis
soccer ball,Футболна топка,Μπάλα Ποδοσφαίρου,Minge fotbal
golf balls,Топки за голф,Μπαλάκια Γκολφ,Mingi de golf
tennis balls,Топки за тенис,Μπαλάκια Τένις,Mingi de tenis
shuttlecocks,Перце за бадминтон,Φτερό Μπάντμιντον,Set 2 rachete badminton
basketball,Баскетболна топка,Μπάλα Μπάσκετ,Minge de baschet
box of 28 footbals,Футболни топки 28 броя в кашон,Μπάλες Ποδοσφαίρου 28 τμχ.,28 mingi de fotbal
gym ball,Фитнес топка,Μπάλα Γυμναστικής,Minge de gimnastica
table tennis balls,Топчета за тенис на маса,Μπαλάκια Ping Pong,Mingi tenis de masa
gymball,Топка за фитнес,Μπάλα Γυμναστικής,Minge de fitness
rugby ball,Топка за ръгби,Μπάλα Ράγκμπι,Minge rugby
medicine ball,Медицинска топка,Ιατρική Μπάλα,Мinge medicinala
run glove mens,Ръкавици за тичане,Γάντια για τρέξιμο,Manusi alergare
water bottle,Шише за вода,Μπουκάλι νερού,Sticla de apa
gym towel,Кърпа за фитнес,Πετσέτα Γυμναστηρίου,Prosop pentru sala
headband,Лента за глава,Κεφαλόδεσμος ,Banda pentru cap
wristband 2 pack,Накитник 2 броя,Περικάρπια Σετ 2 τεμαχίων,Set 2 benzi pentru incheieturi
yoga mat,Постелка за йога,Στρώμα Yoga,Covoras pentru yoga
Yoga block,Блокче за йога,Τουβλάκι Yoga ,Bloc de yoga
crew neck t shirts,Тениска, T-shirt   ,Tricou
crew neck sweatshirt,Суитчър,Φούτερ ,Hanorac
crew neck jumper,Блуза с дълъг ръкав, Μακρυμάνικη μπλούζα,Bluza cu maneca lunga
crew neck t shirt,Тениска, T-shirt   ,Tricou
crew neck t shirt mens,Мъжка тениска,Ανδρικό κοντομάνικο,Tricou barbati
crew neck sweatshirt ladies,Дамски суитчър,Γυναικείο φούτερ,Pulover dama
crew neck tee,Тениска, T-shirt       /    κοντομάνικο,Tricou
knit crew neck jumper mens,Мъжки пуловер,Ανδρικό πουλόβερ,Pulover barbati
crew neck top,Горнище,Μπλούζα ,Pulover
crew neck sweater,Суитчър, Φούτερ,Pulover
crew neck sweatshirt mens,Мъжки суитчър,Ανδρικό φούτερ,Hanorac barbati
crew neck sweatshirt ladies,Дамски суитчър,Γυναικείο Φούτερ,Hanorac dama
crew neck t shirt mens,Мъжка тениска,Ανδρικό t-shirt,Tricou barbati
crew neck knitted jumper,Плетена блуза,Πλεκτή Μπλούζα,Bluza tricotata
crew neck dress ladies,Дамска рокля,Γυναικείο Φόρεμα,Rochie dama
crew neck sweater ladies,Дамски суитчър,Γυναικείο Φούτερ,Hanorac dama
backpack,Раница,Σακίδιο πλάτης,
tennis shoes,Обувки за тенис,Παπούτσια Τένις,
shoe,Обувки, Παπούτσια ,
men's trainers,Мъжки маратонки,Ανδρικά αθλητικά παπούτσια,
Ld00,Дамски обувки,Γυναικεία Παπούτσια,
ladies platform heels,Дамски обувки на платформа и висок ток,Γυναικεία ψηλοτάκουνα παπούτσια,
hi top shoes ladies,Дамски високи кецове,Γυναικεία sneakers μποτάκια,
small backpack,Чанта,Τσάντα,
rucksack,Раница,Σακίδιο,
backpack and lunch box,Раница и чанта за обяд,Σακίδιο με τσαντάκι φαγητού,
b/p,Раница,Σακίδιο πλάτης,
bk pak,Раница,Σακίδιο πλάτης,
skate bkpk,Раница,Σακίδιο πλάτης,
training gloves ladies,Спортни ръкавици,Αθλητικά γάντια,
